t,2016-01-19,2016-01-20,2016-01-21,2016-01-22,2016-01-23,2016-01-24,2016-01-25,2016-01-26,2016-01-27,2016-01-28,2016-01-29,2016-01-30,2016-01-31,2016-02-01,2016-02-02,2016-02-03,2016-02-04,2016-02-05,2016-02-06,2016-02-07,2016-02-08,2016-02-09,2016-02-10,2016-02-11,2016-02-12,2016-02-13,2016-02-14,2016-02-15,2016-02-16,2016-02-17,2016-02-18,2016-02-19,2016-02-20,2016-02-21,2016-02-22,2016-02-23,2016-02-24,2016-02-25,2016-02-26,2016-02-27,2016-02-28,2016-02-29,2016-03-01,2016-03-02,2016-03-03,2016-03-04,2016-03-05,2016-03-06,2016-03-07,2016-03-08,2016-03-09,2016-03-10,2016-03-11,2016-03-12,2016-03-13,2016-03-14,2016-03-15,2016-03-16,2016-03-17,2016-03-18,2016-03-19,2016-03-20,2016-03-21,2016-03-22,2016-03-23,2016-03-24,2016-03-25,2016-03-26,2016-03-27,2016-03-28,2016-03-29,2016-03-30,2016-03-31,2016-04-01,2016-04-02,2016-04-03,2016-04-04,2016-04-05,2016-04-06,2016-04-07,2016-04-08,2016-04-09,2016-04-10,2016-04-11,2016-04-12,2016-04-13,2016-04-14,2016-04-15,2016-04-16,2016-04-17
11:00:00,2.81099439205,7.90604309371,5.62367399526,4.47493549027,4.99781690467,4.78062988808,4.48960306435,3.98893368739,8.1543069544,4.70319265477,5.10464437593,4.08810865155,5.54204458075,8.68057047046,8.68873195918,7.08580404128,3.46594779422,3.80432405466,3.87454621892,12.0070698349,7.38480807503,9.48324104506,5.86761451567,6.83604698289,2.04392403339,2.94044968922,7.03984947563,7.54108791478,8.59801654883,2.90752954808,5.54106150655,6.87762053037,3.93239041784,14.0793214989,4.96304634974,5.80970307282,8.78311227806,3.50214994542,6.85124337516,5.11904779664,12.4776196058,6.96314822442,3.92094470054,2.9223249496,6.00414012047,5.93923204969,6.85522122024,5.05744695368,-0.226974360968,0.219335945785,2.90437975183,2.89155762155,3.86436732564,17.7473234414,7.94558139596,11.5354379832,20.0134690043,10.9691189016,14.6012330522,18.9224804727,16.2171832586,23.4468572996,4.61414065003,6.99677337813,42.0000000001,2.76399879911,3.10371135156,4.1004966173,2.22007650252,2.00433068661,3.66410729227,3.66014015583,3.07293756151,2.67327137981,3.8996564514,6.08675256915,2.9042366753,2.84964669875,2.1727849895,1.2094836933,3.84226538907,5.79164523028,4.00571101133,4.07348597443,2.23747059447,4.82045048184,1.65675092582,3.0651312628,3.9548418641,3.72792234716
11:15:00,5.47694827087,8.47800853149,6.29165810947,7.93269305436,5.0342182941,8.01532968044,5.38522414951,6.37269368711,9.384672677,4.78763333629,6.78779598784,4.90261956366,11.7091579371,11.9007959046,6.32467123346,11.3348123928,5.59197380828,2.3601945892,4.49228161585,13.8474337221,9.01252079816,12.8937667614,6.40949940808,7.42989014946,4.11218991934,3.1579173585,8.90865801592,4.65918139656,9.25609294721,5.61132420058,7.69063296147,5.22065974292,4.30325461507,16.3890613747,7.67490518165,5.14975017458,7.83175386363,4.71055320461,6.23918915729,4.68723559551,10.1939600517,8.08127206062,4.02621859743,2.80897512061,8.68644797652,4.94968904486,5.24673906037,6.7419078987,1.74170328725,3.31059777678,5.81137092916,3.24794283686,3.25125815988,16.8015142821,10.3307097806,12.2267533443,15.6630892258,17.8008790762,12.5338131605,22.0117687406,19.3025483987,25.0268190771,6.2531819202,5.87539063304,42.0000000168,6.06684954324,4.93184564471,3.66496094845,5.45604312076,2.6809366009,4.1889941456,2.50864160041,3.46503897907,7.59173433948,3.28067964392,7.72063103571,4.69316428886,3.24725410611,6.00811781306,3.59445006294,2.2294766809,4.56948175172,5.03435560764,4.79047641047,4.4666957028,7.24314775932,4.53078352044,3.87920831475,3.10579087662,6.00994532097
11:30:00,10.0329582292,9.98954303212,10.722902271,6.64109571578,5.09245063688,13.443730592,11.3848145911,8.86711681298,9.0719688556,7.84014747006,7.42450384048,4.83604396031,12.4558254859,8.31531663421,7.07329091597,14.7257803316,13.0585218801,2.87282457716,6.36455482358,15.6170992603,16.792152771,11.4718820272,8.27523914382,9.66326348717,5.74121547141,3.97088813564,10.3789717999,6.36639573051,13.9340038573,9.23982337232,14.4295893508,4.78749365172,5.35021463386,17.9055862617,10.7563005162,6.39276654819,9.0492726686,10.8974570096,7.11470118779,3.06494542799,13.1341044395,9.56791365266,4.92204548887,3.47237579564,11.3273546279,4.56782554314,5.08604469812,7.85189930689,5.98012454516,4.20850014992,9.67456458813,4.68875183662,3.99447573768,18.3824707085,13.2600242057,17.5636888731,11.1780194038,14.9414502349,14.4540627469,25.8762522814,20.2160809529,22.1382078587,11.7508166901,4.78627410667,42.0000000327,11.7297122963,5.72286642228,2.22445910659,6.49124471378,3.31423564912,8.07280807625,4.75574148667,3.12776478158,5.77748350105,3.66513832246,8.48698381072,7.43972514945,5.14839452602,8.11560074159,3.88457949955,2.19403408203,5.43086597031,6.00589009064,4.77260710217,4.32121486643,11.4613402184,10.8373068568,4.04197273871,2.70832124816,11.0127448232
11:45:00,13.599597638,8.60013034359,9.76408543264,6.52385802825,4.85216194536,13.1062369375,13.7401022506,7.85592932,11.8263991762,8.95247514548,8.09036429613,3.98109968943,15.2700220489,12.1104689084,10.8005590804,23.0525435164,15.2863759847,3.69702758,5.8230874944,18.7710308796,16.7504152615,11.4475087774,8.69369448537,10.8767956725,5.36986116234,4.39569154343,11.965715912,10.6600378032,14.0906543187,8.60448957679,13.4409859945,4.59531952388,4.71682014506,13.9450674235,17.8277170395,9.94421971963,16.2870072761,9.93582986007,8.57345414212,2.18934337254,14.5822561944,10.9788701502,7.1367923951,7.59952627259,7.02097910477,5.90443059906,5.35353532738,10.3938726544,7.34100014989,7.61370583957,7.33645391884,5.81898003665,4.93776520379,17.001815485,13.9706129052,19.9243312948,9.79267723645,14.6908526,19.0115196848,31.1734389622,23.7604643484,30.0442598767,12.4338192573,5.00778368738,41.9999998789,11.4441036347,5.12120372164,2.12441543428,8.56448504876,7.05155495626,6.78453470558,8.71362225221,6.68134956328,4.58046167155,3.24967153385,10.3119748456,5.16990961548,7.58405990988,6.68620574947,4.04053444078,3.01851689272,4.76452806604,6.51964827058,5.38025420056,4.75936511259,6.83904544755,8.70097647241,4.11002875923,2.15610557147,11.3576441725
12:00:00,12.9678575755,10.5738238927,17.0328638364,7.09373738761,3.06849386316,14.605947112,29.8546690782,11.0516893334,21.5384787689,14.8148817513,5.61593531227,4.07006499584,13.0814675881,14.3194226342,16.6395346407,24.8511342905,21.1111012957,4.45937138756,5.5540530448,18.5932004073,26.9924918285,14.3317486746,12.1413347571,11.7784805104,4.02483275083,3.73977574831,10.394097438,11.873457196,21.844910798,16.1185516042,18.1119847036,5.78639810926,6.54447448092,10.7678135069,24.9466342758,22.281911733,22.9035695833,20.7240701596,8.56411081792,3.34814122778,16.4815743464,16.1908021764,11.9783714476,13.1536678929,5.58789415835,4.39203783571,4.16916116089,7.85528634849,10.875795387,16.1418761209,4.89388623011,8.35610448651,4.98011432623,23.3464642914,17.0993220556,26.0498786041,12.9612863833,19.9346040444,20.3150943787,29.7983138363,22.5775724839,32.6261327774,12.1207970192,9.95553819684,41.9999990602,9.60441717213,5.54262335737,3.46566320816,10.002120755,13.8978651561,11.0650788925,15.1370514679,7.46838010267,3.57577664753,3.57953510032,10.2519299845,7.51245655087,8.10129694888,8.75489739514,7.17718232871,2.04516359295,4.65053851575,6.11606305132,10.247722835,5.52733480431,8.12687885121,7.87337933608,4.22025321379,3.75960395779,9.53851845606
12:15:00,18.9327527405,16.1733736704,18.506039398,12.6249109073,9.97496858024,14.4835901363,19.7310745175,17.6076617786,23.8347310012,12.5928812215,5.92813188509,7.02422123007,16.1196615768,14.870658635,15.7176857072,18.1321498327,16.50450314,7.81614798963,10.0127499473,22.6572708748,28.1194134149,17.1606156078,16.1576844295,14.3083550801,9.0342243721,7.35367348239,12.7321643436,17.739625459,18.4090965752,18.1503424769,17.419887345,13.5497949189,7.80637952306,15.1834589243,19.8933613544,20.441447436,19.3874987264,22.802277711,9.30079259156,5.93561706695,14.9526559808,19.2916688519,9.3867708269,12.1027792722,6.63888149209,6.41887488567,6.11751913752,9.78487225245,8.22597404317,16.2716138732,5.07916964234,5.82780186932,13.6428588351,28.0851779567,17.5768687819,33.438215847,24.2112981396,26.6496964405,22.3585003845,31.9114723342,31.7046357747,33.3223854391,10.2921647995,12.967319583,41.9999982918,16.1640101755,8.19085392773,5.10488136202,13.4856579743,13.3425873198,13.80999844,17.6445741825,12.0179475454,6.53391951004,3.70326950555,12.243426616,12.3970086648,8.40655323538,14.4945827424,6.0040461976,6.43104373551,9.52368713597,9.13908463094,9.20677612901,8.77766117864,11.6850013583,11.0963376927,3.40923534758,8.26822080358,14.4728010364
12:30:00,32.6107220767,29.9232907402,39.8317756693,36.4541818246,45.1201696549,23.2204239105,24.8251872304,36.1602182463,28.9568915513,21.3031699772,18.7945158881,24.0641997842,23.7994276066,30.4984313919,22.7671339834,32.3948444163,36.327373887,21.8299355003,28.1139462266,32.6049012403,40.8072926789,33.6526367201,26.8689204028,22.6216513577,27.4778026531,23.1901599946,22.1069902152,27.2569421816,26.5464269507,29.882679175,29.2221487496,25.2105943713,20.0309923439,26.3235030188,20.9818646468,18.6393143468,37.1916380086,38.4698507213,17.3565126603,15.8646366854,31.3003547198,42.4614075341,9.51826423722,24.8781600965,13.9057812259,24.4527910244,14.0915945873,17.1784987446,12.275046035,23.0627607676,11.6857499748,8.20070400301,30.6461911981,28.4220743965,19.3407496537,29.0884420281,27.457299967,31.4670812173,25.9845074712,29.6903715236,40.4031597967,39.3102489668,25.22036723,17.8255278252,42.0000076876,35.0320681905,18.8433904572,11.242116748,11.6753952981,25.8964909579,27.2640622265,18.4842207661,22.1753420105,21.4676148648,6.87406422998,17.7037422839,32.6286431578,19.1933068729,26.5291949037,11.4588257946,22.8815909437,27.3133785857,18.7720326943,9.61194885689,21.3895334296,32.6047853856,22.3778804262,8.51103226781,18.8353209275,19.6927407152
12:45:00,45.7906771234,44.6143494622,41.5978422215,45.6692443038,88.3029948432,16.4618049719,49.2821307043,39.2691125415,28.7993860859,34.033632225,34.7013303439,36.1684197496,34.3389735009,29.2304090366,35.3431441002,35.8169739884,40.3954745057,46.4018321376,48.6449104337,33.5050417144,34.5381081293,35.9201830767,48.8243752815,37.7900505181,46.0930904999,35.6652757101,24.3240052025,32.0275523638,34.9291514725,44.9949539092,37.1773502979,42.5959316956,26.6829747852,31.4848558914,37.5924969808,36.6775256229,43.893843469,42.0034102883,36.2963583057,19.6918952092,47.3029643768,34.9632670609,28.6614171138,30.8833173308,34.731618559,46.7728866705,19.809181465,23.1833116789,23.6467808474,28.8590197427,17.7153766233,17.1634240123,39.2817155325,30.7094919599,20.5597734214,35.6174976822,34.5008979316,34.5207453992,38.4508815635,36.1977451297,50.8882923794,44.5431000742,32.2562009473,28.6393670734,42.0000544436,38.4776750073,31.3691886931,25.0286025982,12.3750515752,28.6444723834,35.5720547301,23.4582797629,29.6063781626,31.0503922172,9.31241369859,25.6158883724,37.0423505823,37.0895036111,32.5368395675,24.4387588911,33.7918014858,40.7121461642,26.8073806167,16.7500145026,32.4655289648,39.1275897672,24.762659494,22.2673476059,25.9320611122,34.002575931
13:00:00,44.1543086522,43.8044167947,36.0742519328,52.8159742633,88.1206453514,17.6488507521,48.9951561219,47.8919160061,25.6877247583,30.8404523997,56.1896593942,53.6733023758,47.9622310178,34.1099457808,33.3296408555,32.6278503322,35.2508270955,53.1335811156,59.2534488546,34.3776301046,30.7209114857,29.5492585421,47.8841776424,44.6687201589,46.8395842871,47.2934611074,24.1187373039,31.0841791888,26.7652501822,48.33976714,42.7225858749,55.4269984085,50.9170652499,34.7293974543,39.2869647168,37.9649509547,45.155591061,32.9810702962,46.1202902066,25.3277209098,41.7352315675,31.4464209294,27.9221525197,30.7401569743,37.4016064311,47.1303519994,24.0721278527,39.1614694631,30.2144876154,25.3764860613,19.312299236,22.397534992,36.3791239737,37.0790250309,25.9952522977,34.7579030632,32.5706984291,31.273863837,47.1703138738,37.5926116419,51.3435833847,49.8718258079,34.5467902881,31.2627632254,42.0000888802,38.4492325105,41.2032998105,37.1944046642,16.634392673,29.7065183298,40.2381381645,23.526832057,24.2234505619,53.2796324247,18.4981700365,37.9254534267,38.1866899133,36.7900204709,34.9036733854,31.2528253115,42.7407621926,49.2787373142,37.3172748309,19.7882579812,27.2128908961,43.4469194813,27.5165225921,32.3095623152,31.6763888661,39.2791379696
13:15:00,45.4765362007,34.907865074,39.5525954658,73.7478045826,80.1403739544,15.6046289644,37.0362076228,50.2950745666,23.9535568621,41.4434926861,58.7872837415,55.2310714166,51.5033969059,25.8763054711,33.1791080444,28.8870453475,33.480708698,59.6086042735,61.1382634376,39.1921870739,35.3836731746,30.9240362132,41.6647032469,40.2123226969,50.7458753901,43.9363995645,32.9866624933,33.1840222023,25.9711883961,44.8201802355,55.5214463866,57.4656690708,49.0582542893,45.2704487066,39.702004407,39.1352038027,47.6999220488,30.9468417465,43.8646859841,43.7634899672,40.3422591392,36.9273720281,31.7922223797,26.2374117182,32.8847721916,51.5475104805,29.5904671826,44.6420137155,33.3836669996,25.7410575592,25.467001228,21.9503699131,35.9509533323,42.5673483951,24.8107642816,42.0672016028,33.8863285399,31.9821573893,45.0466799799,48.0565382521,41.0696588809,50.7163124716,32.6772501166,35.1559714456,41.9995168816,32.1183925118,40.0888880532,48.1835627151,21.7526687064,30.7578916967,37.0459274418,25.0671609027,19.8751721423,55.6487941733,28.787048383,40.4191422674,38.1867143029,32.0946983622,40.6474573344,33.8224159703,45.3895450375,45.4504378356,36.3000556024,20.393819182,26.183572688,36.4803818343,22.2787224758,33.5955812899,38.8656405748,37.3734988069
13:30:00,55.9891927843,47.2948986902,67.5819441548,76.1584255093,88.7229799136,12.6636998004,36.5256681277,75.8258740883,31.0512841085,57.1580912718,56.1253901466,52.7609268676,52.174357736,24.1692941454,48.0476209075,44.3756276113,45.1641254008,72.0745122933,52.9635675846,48.1419322402,37.3452487663,40.9361037665,28.9405514327,44.6883189592,60.4447123133,48.521163386,51.2358837053,36.2424890624,38.8109296079,35.941583164,58.0116639908,68.2038341582,58.2608799551,35.0273561037,39.6047054351,37.1723880815,46.6939670859,35.634032679,45.3630211939,42.713369463,51.5168342648,31.9584139522,35.5418534222,21.7622445109,38.1340788795,54.7431655898,38.352954359,47.539291424,42.4149435067,29.3137714596,22.0469736545,29.8939118272,38.2185006825,41.4208865292,26.2173643956,45.5239061011,34.9604310533,34.1627085447,33.2807167219,45.8449757338,55.9313110898,53.7781882909,31.7647924155,37.1516146438,41.9968555296,42.1644817182,47.7361195601,46.4960698783,28.6852030609,26.4086720858,39.3976558291,29.1882289851,28.1756502195,52.8550119023,29.5530635123,49.6291254486,37.3005777699,38.9031734866,47.7492185378,41.5406686661,49.9916000674,48.8771603866,46.5813148875,22.3512581821,27.8006188436,34.6763893195,25.5232859792,27.9876862714,33.5332639632,37.345350722
13:45:00,47.1587494111,51.2570712928,70.1854146756,80.2634814639,86.8255229458,15.1143338078,40.2218443296,80.8808547699,24.8997395882,64.8646594831,63.9623279555,45.8713545592,42.1530310194,29.8656631311,49.3001742412,50.0042122255,45.5729963107,90.6928731231,42.0109403223,49.4982144819,41.5877620845,51.2366867468,31.8392890691,46.2409428038,71.1100896608,64.610829231,39.3078789412,46.3347654037,51.8365533509,35.0075635394,47.4165069787,72.4766934388,55.0967374061,33.2149790351,42.7421131152,37.7085696778,40.3056363374,47.3075336678,47.8019115505,42.2566268069,60.2291527253,37.8181200151,36.5190485784,29.3277011192,31.2547676184,55.9610159981,46.443672461,39.3475124211,42.732271647,28.0450893939,20.2496952905,30.7964446542,33.8935297746,52.2125799583,31.3184648457,52.4345133309,43.4423633596,35.5110258992,42.6063611406,48.6479923396,51.0967434238,58.5959567753,30.1541280017,32.5226012733,41.9954530899,40.0829017184,52.9662799381,48.7962921302,40.8606320575,23.6900221323,50.2362821759,26.3273899619,31.9872706854,53.1074783183,32.2997463694,57.8961508505,33.9192913035,32.1680984229,47.7154107753,35.5765614944,50.9049269551,54.70443927,37.9860886189,35.5069432392,28.6513469859,29.6795360877,30.9370151785,41.3923461027,33.0563010082,34.5193979255
14:00:00,30.5597492466,44.1369496297,61.5666821565,74.6943617745,100.175263632,12.6078035303,35.6263616441,63.5978159269,22.9049153071,49.862695928,66.8025450486,46.5615716452,51.8737569077,32.1492223016,37.8255537669,42.9271381798,48.3379865267,74.8801317773,35.9262848305,40.1130602751,39.64084929,44.1159730339,33.0829686981,46.1312384964,73.4688789034,70.556839898,35.2852891487,47.111146237,53.4908430786,35.9058773357,40.8426037337,73.0811050982,43.5288222494,38.7746158537,36.8142184102,34.6519336632,39.7631691098,39.8919084971,54.737760829,45.3388347777,66.2810676537,36.2009240082,26.6532765583,33.3243822007,29.0112907362,57.0131044787,46.4171609779,36.1679722994,35.6101708635,30.7477583976,20.8029083666,20.2871340421,41.5027975346,59.3065039157,39.0438338814,44.8664590533,37.377172316,32.095532601,40.9503830579,45.7058989835,42.4210483973,56.926238525,28.5420435376,25.0256933492,42.0301025328,35.7242369191,47.2394591931,46.7878966639,54.8555614081,25.5463836129,48.5282070412,35.0397076399,32.4159172376,46.0652671042,32.9999927758,61.2697118674,33.4280881945,27.8103908848,44.5603024484,31.6923858891,52.5715246987,59.3062049228,34.5262638543,36.1946607899,27.3168863012,26.3705230946,26.9738523578,39.839166913,39.4791540544,30.7668374083
14:15:00,26.1792413458,40.7063875202,64.0752749695,55.4476411299,96.2442330965,13.6520434335,28.0224021914,53.3060091758,23.4754073889,38.8051043829,49.5272097514,48.1172496877,50.2405653583,21.5471502199,31.5108027936,30.2566222085,51.3597980405,47.1240020395,42.2461010662,41.8563512772,37.1565256985,39.4972830391,37.0007521703,43.2108222652,67.1470549033,68.6023458763,44.1719658635,38.8742725352,43.8510487353,32.448645133,41.2315128524,58.0469929339,36.5527560319,48.4977745617,32.0998811309,34.8249683314,43.2384413359,34.2363842725,51.7078572991,42.3392980861,47.1829049302,30.6200595713,22.6835202871,34.8658772211,25.6204243769,50.1013138233,46.3912347886,40.6268424407,35.0004441295,25.7836315673,21.9374022084,16.0306990964,40.6377631429,54.9409340522,35.1385912955,40.5420457203,40.3862711839,24.8743928068,40.1759408904,49.7790831835,34.7918842871,54.5660863874,26.0840456685,23.1916401542,42.1810659292,28.1100545437,32.3529479504,34.2116293698,48.6402762499,28.0219769811,40.8770092242,40.6063462072,30.6947667203,40.3126687607,24.6292348588,46.837793388,32.019288699,20.0699843569,35.144054206,29.8848183404,40.3841227459,52.0119950825,40.3528414629,35.6787648788,35.8648961171,22.8346904182,22.7175880163,35.4342938052,34.2832153645,32.7648869069
14:30:00,28.4067822974,44.3677424871,44.3938999223,51.5762764735,100.75182614,10.6769526802,26.429531651,43.3565268642,25.9706588868,39.7178293443,28.9920399038,48.2083437972,57.4199172522,27.0944024323,29.9874269611,29.8334992482,49.1592675768,51.1108799199,49.2440406812,45.4673663951,43.3783137252,36.144206835,37.0921143557,45.0189253748,67.0818034886,65.4220986745,48.118869135,40.8153229019,48.0859894788,39.3892141544,43.0987555942,44.5932297619,31.8759378059,71.4298046235,40.7357769862,38.5308253432,41.2716378504,42.2711031287,56.8718809408,50.2489736653,37.6343138985,22.5795202618,34.8159971076,41.8219536384,25.186037322,47.2964820372,50.312098993,43.6705712327,28.7531857828,34.0369780239,23.8548824748,22.8205185021,35.8619104338,48.2891068614,24.9095180669,38.5189852503,42.3193500645,23.8504446624,32.6423624754,46.5689426226,38.8864253975,58.0501679604,26.5152056633,25.2942574782,42.2275800215,29.0195526244,27.7094449051,26.9292695001,51.6294476385,31.6971865617,38.6041971125,47.9113934524,23.8978236014,33.7813027468,20.1629769877,38.9912616273,31.6043311282,35.0829034766,30.7238022124,33.2266764478,34.0202035577,39.0892982592,44.354183771,33.2770016509,43.1941727488,23.4521471907,17.5134890748,31.8922027515,34.1583366565,49.5223900742
14:45:00,29.8395152323,51.4594968509,38.4525141277,47.6568134494,96.9751066002,9.59199609797,39.6432937885,44.0403695812,34.9960389652,32.5757714797,26.780655831,53.3323122078,51.172619887,32.3544322861,27.7789039725,36.9323821506,42.659251455,49.2871410344,52.7327446651,63.1218717636,45.9844788002,37.8475041038,36.8490084205,46.9865564374,56.7397614549,61.6673910386,77.5573003775,33.3827505883,52.8539971144,36.9944802938,38.6447246951,39.4687590597,41.6782063048,71.638309887,33.8597703756,27.8229730462,42.0185301296,43.5623644748,61.3109387429,42.6658375874,50.5058945999,17.3827039241,36.4217214914,43.4036067001,35.6077545847,49.6563088927,48.2136108049,49.9771826555,34.7140488665,38.5557512161,27.3830327407,25.1429799806,45.3610918123,39.1149183144,22.2774822199,42.434532359,39.163387221,30.2825982462,28.949566746,43.9860431487,37.4630031613,48.2522869676,22.7301381065,27.6909595691,40.1382222599,29.131383756,29.1821692474,28.6863026085,46.8349841305,36.9326268687,34.2611868513,45.7754750923,22.1514251459,31.2761009137,26.2843749434,43.7430489207,33.9017668033,38.2853293116,31.1161405723,35.9425944069,39.3160221365,36.6856521372,51.8902384757,31.5194684633,39.5545513405,34.2560983629,23.5309422912,28.5844316724,32.9622160038,62.3993214948
15:00:00,39.0067603067,54.6427080606,28.2420754748,42.5030329673,100.672876911,9.53711171183,42.1639158593,42.0832692736,35.4503279211,30.175538014,34.5562788203,57.9031751816,45.060308038,29.9466688054,29.5344419201,38.4928912855,41.1899302267,52.9903617993,56.0844471952,72.3219695666,48.8701491009,36.9558661768,38.8422439746,44.3554703182,38.7695307109,53.7685289699,91.7298696561,38.8717798262,63.9535086593,41.6391979006,49.0822569496,33.490226685,39.3800222022,78.8928479656,25.2519558367,29.4466263561,50.9185111458,34.9654364337,67.3873282858,40.6981292711,62.3251080916,14.537805784,32.7117368338,40.6022952697,32.9248279577,45.2736737903,47.0086375081,47.518988363,33.1968285957,32.0181243525,24.8007118333,29.2792862324,38.702055345,34.2911957688,22.0681711091,40.7360892588,33.7118602705,36.925317013,33.2738478811,44.2515243836,44.4156950364,45.5445675285,22.4714009493,23.7965858933,31.6057698797,28.9286742896,25.5498911169,33.9355192485,50.9743178978,37.1170467994,34.3574234617,33.9052823204,26.6036726041,29.7889676452,28.0468146301,47.1934713303,34.5868357631,44.2844081645,38.8996412668,29.9904419356,41.9057979074,40.0556118086,54.779115565,30.1662461648,33.2541395489,36.7582769782,27.8044436751,25.9604909724,32.9691849152,67.5317550109
15:15:00,36.0426853538,51.9834650565,31.2284005758,38.3605814433,77.8528735044,13.7322765672,42.0586872345,43.8072620769,42.2719163994,29.5560213756,36.1755718492,53.0118309031,50.9184176111,28.9462181538,32.114209171,42.1308255164,37.4889698937,40.6867082867,45.3439357973,79.3510443517,46.0856648034,37.3429433481,37.1525464232,32.5018575076,38.422098617,41.4819080833,74.3061832604,35.7501289642,58.6429899862,39.7533183866,49.1769422012,32.7866878994,41.6197831246,56.5798776024,30.0947241511,31.9172697271,53.2256725747,37.7119423797,74.3539597209,38.7957122618,74.560469431,19.725981826,24.6798716158,40.3734112101,37.0989633864,35.6783672037,41.4739383376,44.4964734543,27.3748315198,31.5447584817,24.5564511722,30.080840152,31.840630975,39.5415834386,26.3324498907,37.5257345721,37.124374621,33.7070819552,30.2958325999,39.726094462,39.0085468675,47.7762640863,36.1801710776,20.1163802259,30.9407775177,27.5807130166,33.7696881788,30.2666838885,52.415039808,36.3129265645,32.7904834513,34.2527554064,26.8884157674,33.5507981877,37.6599325177,58.0123557117,30.3171100133,44.833993221,45.4914705533,27.9021446821,34.2635289303,37.5972109935,55.9365402693,33.782730971,37.0555316255,39.9094324508,22.0590663247,18.6255743331,26.831414861,67.0625495168
15:30:00,31.0138551398,45.1207761723,32.4565512946,42.4447756198,77.7940637033,10.0263505911,35.7557386914,34.7016913904,35.8959158338,26.0007338527,29.9324096927,40.717425741,49.9793041313,28.9614984407,27.0339548912,40.5330708517,32.3947341902,40.9387285763,45.7115260453,77.2727850009,32.9798750748,33.3237241434,27.4382014247,23.2472053148,33.2531454237,36.8786342952,71.6571509184,33.7677180885,54.6458203749,31.3748141581,42.8718007975,28.5849311136,41.2356646759,49.1573778839,31.0509077342,29.284124053,45.0089946341,33.3791413502,67.5904603415,34.427157394,65.4294127602,23.2503301952,26.2025859802,33.6493936865,38.8435872386,29.6634417042,36.2998974482,43.9202393982,18.4530782318,34.0750711268,27.0916638446,29.6061823102,23.7120951959,37.677767849,26.4394726301,29.5446543328,43.4419329746,31.3032039354,31.9576688098,40.2552176822,36.3486541353,47.3509557987,39.5836158839,15.1897274095,26.3961010128,24.9700458329,35.2997269299,25.9143685113,49.78156175,27.4122783812,29.8837087102,29.7170114164,26.6027783854,28.9028113353,26.8652187744,62.9348156173,31.8818039286,38.843856022,43.3123820209,32.3052089393,29.8052341918,37.1523653253,50.4870821693,25.2718574501,41.1799263326,45.0775444134,19.9754465874,21.5799657112,27.5092281596,67.8170137973
15:45:00,23.5599808927,35.8589991769,34.6875837372,38.3651178069,71.2466797859,8.94542803871,29.0963286623,32.1832798444,34.0382736634,29.2329739778,32.3649486342,42.9607970326,54.2911470132,30.1387462369,24.6673365369,35.078258135,31.855887913,35.4418878802,38.9481755395,65.6404368793,24.0449810475,25.7837636078,23.8320304057,23.394425973,36.5973652125,37.2107326896,67.0918497546,35.173177643,53.2554792435,29.008473755,32.3404310744,24.2448657445,34.8680112143,55.2845518735,29.8360974898,26.4237129564,40.0807317945,26.4248685854,48.9368602315,37.1039128838,67.544677912,28.1541307768,24.3576239122,27.6285697637,37.882492018,29.2382778259,31.4375156179,53.8361531209,13.8882741263,31.1008949941,27.2832512157,29.1054517582,24.8454147517,36.0956011398,30.4338944857,28.2766888536,45.4617918234,23.318174264,27.2431784196,38.423413723,41.4576436451,38.9095809599,46.6071919846,16.392210027,26.8168210273,25.1720884687,33.9012920788,26.4463062155,47.5478975333,30.1778488211,28.0556066155,30.6696133522,30.4597265343,26.6782440059,30.8048383923,68.5724074828,36.8990317503,36.8838358978,39.8684237257,36.8056941792,29.3116433746,40.5908805025,54.1899081534,19.70925046,35.2932061779,44.5362679903,24.6435575633,23.5682057332,29.6487985187,65.9949614698
16:00:00,23.1822224421,34.7947301168,36.1170410639,35.2833541166,81.0203169975,10.7520972544,20.3643286653,26.6518361655,35.4557789899,28.9687017556,30.6872480302,44.5085247049,56.1090843575,23.0092137067,25.0484626515,31.8143096939,27.8737539567,26.5043656476,39.6995814277,61.2793953424,23.9744331062,22.3713753528,26.0848405457,27.2743785671,29.2579978272,30.9438853984,67.3478477094,34.5379571873,49.3072422616,31.4109441364,31.0384233923,17.2770900734,26.8005203388,52.0468237948,27.6568069792,25.3713195302,42.1631921861,27.5155458234,34.3285860604,32.0658530082,59.2248771165,24.9773615047,24.1968695949,23.0153296418,35.5035978429,29.7778390607,33.8388191426,53.0876875673,16.6063422797,33.3633515221,29.0914762048,33.7669644445,18.6486044273,35.4132569611,31.9656443146,29.759135119,41.5618779131,20.324444897,25.5594952405,34.2630254407,35.8706008496,43.583519878,45.3401971565,19.2021365664,27.0870080955,22.5617983254,30.3383990345,28.2865449866,42.3724434674,30.2496006432,20.8875974417,30.3120100519,27.1444424356,28.6822197635,35.9687686185,62.188531571,34.1688684335,31.0852119593,39.5418235145,31.9575704799,25.5111442438,38.2589089707,47.9333634166,19.4519603581,27.2619903423,39.783814172,29.3989064785,27.5351779127,32.8040180501,59.6260681791
16:15:00,23.7819306913,33.9345732697,28.0646290629,38.7100525914,97.4577727249,16.2546661955,16.8803235961,26.6743706371,28.5224842804,22.5941374134,28.4638808955,30.5192183591,64.7767841337,16.7166906452,31.5380764103,36.0065665053,23.8907760863,22.015462525,33.1296854631,54.6106869528,27.0118711604,22.8972369118,35.6271349676,35.2736624521,26.0646309874,24.4364476576,58.2442151774,34.701729851,45.0815926637,37.2541347114,29.0170573674,22.7435449363,22.6367775061,43.6840991359,27.3585748662,23.9250973036,44.1713659937,23.0689089478,30.332462182,33.5137232054,53.3418434844,22.7186925445,27.1959680895,24.2283658839,34.1699046507,24.2743106418,36.080678139,62.1567844727,20.6504645048,30.594612209,33.6440895744,27.7245187363,20.0755314911,35.2928975647,30.3457061164,27.2624015773,35.5021997561,19.7127251499,23.8819688881,33.5722584616,36.5461747502,43.4083432617,37.8000093309,15.1757152449,23.9225224783,29.7932481177,36.3621424184,33.3960706548,45.4346205287,31.4890083961,21.405035309,25.1495168313,20.7448429677,29.9374221135,30.7986027778,55.322513317,33.5010714307,34.7409043386,38.0305719776,30.2578661283,28.0156908187,34.5937981497,40.7067116196,19.7645329014,22.0208362278,36.9557140456,31.1414249261,20.7437084315,30.0407936781,56.7903948723
16:30:00,27.4382321228,37.3378317458,30.679642883,51.3222401072,110.69867438,48.7404702749,32.3216116968,34.2995318866,27.0546521026,27.8084836227,32.3869399424,21.0662405474,58.5470707359,20.3128297807,37.0122944726,34.7772726067,34.6118584998,24.8208226834,27.4066151225,63.2613848493,37.6566040575,33.4582722898,33.0410113364,45.0350913123,29.2668741408,24.6079207197,42.1215454594,43.1245968909,49.7865910684,51.1005135253,35.9433786931,32.9352704349,29.9751647844,43.9680454377,25.2188700226,26.1700045033,57.3883215418,24.3472356089,30.2294523462,34.9897388322,50.518638962,20.6031790147,22.8618685078,25.5330746354,41.3084339509,27.941487196,32.3517712981,60.6485098995,34.0003998178,28.8933333315,31.1540800389,27.4422685553,27.5940189382,31.2641155911,25.2286207443,26.4655454873,35.423986733,15.6292753682,23.5909965722,29.5190640043,31.7370058526,34.5844230398,32.6020348737,13.8477886161,23.1691434825,43.902527307,40.3396265066,40.8704191849,44.1894150203,35.2615401961,23.7572999205,28.5673484878,33.9044206535,38.6443369257,34.0482480106,47.628362446,33.0167138591,40.2917135755,35.6144245594,34.6279046117,31.3257946805,31.4438057531,42.1655822575,21.3919102664,21.8843978139,44.3493569785,32.7819797139,15.1048443447,36.384851826,49.307320705
16:45:00,28.4109463056,39.7180759584,33.4650870436,58.6964176266,116.304922127,58.9501829499,31.5622552492,34.832262171,29.6437022209,36.369568921,34.5097089292,21.0307702311,57.9049272216,25.6823773895,38.9664693953,35.1830069831,45.8341445323,27.6114650442,29.4016432517,68.7516926426,40.2892290418,31.1790363745,32.637217642,51.4648543108,30.4680268612,34.0133292609,48.8782800815,50.2493610535,51.8143714572,44.9712015093,51.3138593887,32.7078573086,30.0462891805,49.8293388815,33.9294126583,36.9400263198,61.3834672172,31.923713979,43.9758984829,34.898883191,47.9598906512,30.6689505888,28.7418390667,28.9111932023,42.6471607451,33.2500569314,26.0339959216,56.6000851834,38.1312621871,28.4120490759,25.3935405689,22.1391804605,38.9165748529,25.927528034,22.8118678882,30.4236083352,34.4464706637,15.0931043978,17.2472866222,29.5488086716,34.23398716,29.2286985237,30.3615868413,22.9960467851,31.4474256309,43.9932441771,37.0165313911,45.8444199931,41.7456079583,38.0425801992,28.0434178896,32.4555515061,31.8182383389,33.6292289351,36.485583679,45.5349555134,35.8261545295,42.7693968237,42.2674169287,35.4103481339,29.785059223,34.7192079967,44.8984886295,27.4337056158,28.9589668026,50.7049918814,25.8171883884,15.0925483917,36.4539821361,51.0922761107
17:00:00,26.5775715801,42.4105588631,39.127537234,53.1866850401,102.851672327,70.2197749293,26.2601995675,30.5821848814,34.334533374,31.9503856193,33.0160721892,24.6315808975,47.8646292896,21.5817819411,34.7730090098,36.5076225524,47.2361925213,24.8701816944,31.919891471,69.9879654499,42.7243027816,28.6013611553,38.3163885094,49.1182274884,28.6026473149,49.128490761,57.1974059758,45.2728561769,41.6911571271,39.8821843415,45.1911845417,37.5641919475,34.3291098573,58.5182012719,33.9932227572,39.3691029103,51.8429959892,32.8991761406,49.2336190604,31.7487512627,47.6838360338,28.9223467931,23.7644629054,31.0137125363,30.8297205264,33.255836096,26.9915363297,51.5636326643,34.5141674029,30.3699603134,18.5937637456,16.6115354574,55.8155179368,29.2425959758,27.0067197947,37.5361767342,31.4490160376,18.8304674033,21.5015816454,35.9162190236,39.4579531505,33.6138786268,35.6736295527,21.9202936954,33.6864886218,40.1437339417,37.7422720977,44.7487106467,39.3178301554,33.6921105998,26.7894166249,33.0306874923,30.6371523352,27.274993619,28.3960090385,39.1875446149,34.8726136621,34.2885754816,41.8193391608,26.6688127818,24.4791410347,45.8922235662,49.8381214594,27.0704294485,36.5068567569,41.2692978803,23.9238713566,14.1323398651,31.0174559902,52.9874844725
17:15:00,27.7061432312,39.5697738315,35.7226987071,40.1829659727,95.8648600709,56.3833874227,22.4508374743,25.5363016993,32.7350220921,24.5282368177,30.9928247643,25.779743722,44.3911804222,19.9437180095,32.1396271938,36.2049024018,40.1551154806,24.9651142792,33.7500488836,58.3596319625,39.884091528,26.4767148774,37.606982144,47.9019437781,37.925025056,46.2959300899,66.9791092587,44.8983055641,31.799456804,37.1374326077,34.4994453532,35.9285876554,33.8396941726,58.9914655985,26.6191937205,37.1909112346,40.6184286547,35.1373143866,43.9054477175,35.0581061183,52.1098060793,24.6802012659,19.4399324954,29.3796915658,22.0281413362,28.5140716235,24.7486176267,41.0904228486,23.3076093841,31.8657771565,19.0506364621,14.2638099461,50.8974183625,31.8935001593,33.6057698285,31.9667539456,30.8462807069,16.6365755715,30.5317580275,45.3879349049,40.4898667016,41.7256870249,29.5172589134,19.9598654397,30.3411958451,32.4998900432,33.7009497408,25.5697287814,30.6646328416,25.6443116002,22.0871446396,31.953802992,28.3296355646,25.672237104,25.2090865553,43.3818267121,34.8377661819,29.269902711,35.4258120433,18.3634333035,18.6431044738,49.2429911798,58.9322851765,25.1455361058,38.200713214,24.239035287,22.6069651414,14.7242541406,26.3047234091,44.9124080664
17:30:00,31.7889807433,31.2446256045,40.0309043762,33.2083336483,112.353697187,59.077412346,23.5675661174,27.8597654917,33.1077111647,24.5765694239,31.3660398048,42.0705209059,34.8032912058,26.8830407581,31.0439477276,36.6524040938,33.5661012117,27.5625874996,24.4818898829,55.376466372,39.4478337159,29.542954232,34.8735716567,46.5404612289,46.6629764898,30.5732645084,56.1495162891,43.1003707497,27.6102079424,39.2190734787,34.2508876077,40.5834382606,36.3030109112,55.0239521317,23.0839913771,40.44809915,41.1313261194,37.5100596032,43.5580274896,36.8581982021,56.8187714194,28.0358797139,19.633811255,21.4110638559,24.1172459516,27.0216494873,18.9141016195,35.0953995994,19.5284080202,36.2986065835,19.1224081547,12.3851257526,58.6136669343,42.1384615693,38.3344134075,32.5170758884,32.5627621474,20.0019660566,33.4998757004,45.5684059241,35.8311591853,51.4110611262,26.1352753015,17.2511611566,25.0015244724,29.770266507,38.6539444584,18.8068055667,26.3662656934,20.4122574041,18.1342841981,30.5790696271,26.4926375979,22.1616293268,18.3942883097,51.0380526178,31.6771503931,29.2482768571,36.0490647563,13.7662166291,20.720603552,50.1294138936,55.7475696153,25.7981854439,32.6446141421,15.1179856102,18.1326926992,18.0449279432,18.3706745119,46.9116644431
17:45:00,41.756971289,31.7862806073,41.6055000838,33.9562015644,130.678794793,46.1043673889,28.5354079018,20.3547121331,36.3649224613,27.2864621687,37.1335428179,43.30173743,32.5078680043,39.0774252554,30.0673224528,38.1786611739,34.8931827098,32.6777832645,26.2047000253,58.9519232456,50.2538525007,37.7707871369,28.4109087189,34.7388001093,43.7940674614,24.0588103775,42.843660838,44.8706576277,26.5997799564,37.2349080485,34.4633035579,45.0252610371,41.0470871316,50.4758251568,28.4723443503,37.2742021675,40.6189627413,37.5161988108,44.7035242368,28.599216775,46.2936418929,32.2807351858,23.8123376485,10.712847314,24.6904437879,31.634739426,21.6106738486,42.5892782935,25.1172893602,38.4097840072,20.6609636387,15.6265052423,54.441470832,39.3006995974,30.8603476638,38.3213390257,38.0601507664,24.0514202982,34.2504143211,40.1827326403,29.084594958,53.2600680893,34.5978899612,24.3319255873,27.8454932241,25.6645169266,39.3531389808,19.2619843574,30.3566499707,28.0659062134,18.257071169,30.7226291,23.4267523604,23.3614691838,17.3302208293,51.258206023,42.9686427812,33.0595691548,32.3932060471,12.5148366543,22.7242475433,41.4794829651,44.5277128454,31.712176261,36.4355053701,17.019577488,20.6976255723,28.0284565922,20.2229653271,49.90579049
18:00:00,52.6511946082,33.0996492202,59.690787911,42.0366467352,125.663792137,44.4926467812,40.6037240592,27.2256225801,42.3418662036,42.0832995446,37.6327612622,38.5660092159,32.8789051235,54.3741389891,37.3516259348,44.588166249,55.8993808524,34.7000084872,26.1888660392,63.2347934308,46.662133878,45.7013791897,27.7780284346,36.7973683984,51.6660989173,23.1182389745,43.7014137862,54.1970645952,30.1424628358,50.1020026247,42.6456093788,46.9161906524,34.3698407805,38.9677276422,47.0290674931,41.3217642983,35.005351684,37.553922998,48.2738289232,23.1493690765,46.8296131444,40.3473235906,35.1036375902,26.7794212884,40.1686847441,44.993016305,25.8200036587,41.6287783133,46.7308992516,39.9545790052,24.2941061827,14.7877132554,47.7213678922,41.3188179421,27.5071356551,33.342980936,33.1725154974,23.8900591697,31.6290965426,37.2719563722,35.5413465228,63.7521638101,42.6225611209,29.2282919073,39.035876097,26.1896298251,36.0109714548,23.669252841,32.9070499999,34.5526421883,24.43889944,28.4099268419,22.5061977978,24.2737623035,27.4526075449,52.7637444415,39.5186159009,37.0568822688,32.6716970995,16.5848009834,29.4606102014,44.9270507157,42.0407567829,37.5894529168,39.7241913054,21.8773834569,19.1714083109,28.1596559753,21.1625067638,55.6986786635
18:15:00,41.9430175512,39.2268357497,57.4760691005,57.4977305311,125.34438054,60.2269708639,47.6677968026,29.1298564587,37.2245280012,45.5278443564,40.8656944174,43.9385778847,36.2117168261,49.8461968924,30.3655082114,47.8988001876,49.4158894197,41.2407374354,29.6577743997,82.8546353188,40.4941388367,50.1680246193,28.4248787191,39.628572983,54.6861971908,23.5291178011,56.9260376343,36.3609137727,33.6147470065,44.3883430291,41.6736856669,43.6657514032,32.0983184881,39.3620509878,38.2755321559,53.5013078781,34.0248786981,44.8594350457,38.1655901444,27.3846945958,41.7854618897,42.3608489797,48.5124605087,31.9766919876,40.06848084,43.3887607295,28.4170219083,44.3778361059,49.8529899391,38.5904210834,24.0400026689,14.4034622082,33.3791876323,43.1244243279,25.9948638006,38.3320489404,33.1324176105,24.1088005623,41.9775018062,43.0497920358,49.6466368025,66.7661232921,41.9478473973,26.6471374187,30.2805148473,40.7074244597,35.3084902193,26.1427551315,30.7222304004,35.1607873548,26.0924512093,22.4401172844,22.8376682518,26.2858224761,40.8949635949,51.6940651564,42.4470144953,36.9976273154,31.1659386258,22.8032506778,28.4937898466,47.3111398163,39.7776148894,41.010197161,38.3064226546,31.4292011737,25.4474297422,31.6387760575,28.2605564597,57.0363165203
18:30:00,30.5918608858,43.213452301,51.2427657852,70.0210469702,121.118329955,74.3655921665,41.5856677533,34.4685475944,53.7802314274,53.3478639626,58.5067289406,69.8345928989,64.0125661401,58.8252240082,33.0613599718,44.2467813681,39.280093667,32.9113595055,29.9461511892,90.0930729933,36.9499895855,50.990225757,28.0211231411,52.1711367653,60.6004994412,29.8866246135,63.7066570215,34.6728813288,40.968494537,45.6418888364,47.9673192303,43.5215610628,26.3611590803,70.8439101715,31.4424347577,51.505712259,27.358412694,51.129707854,35.5371672637,46.6875420581,36.2238334012,34.9732794979,48.0071799307,40.876352736,42.2194966539,43.1840902547,38.0766228686,46.7126049857,52.6583211521,42.4289496951,30.9757581525,21.131331964,29.1270806468,36.4609470582,38.972261968,50.6087810002,41.4472634015,30.3979706702,45.3462441278,51.010390825,60.432223492,68.6590834378,38.0866961974,39.0124203509,32.9284902616,36.6834218369,33.8170290647,24.1041069327,41.4364557934,39.6522418563,38.2414142754,27.5130864397,28.4658800858,28.0473404575,45.264728668,46.5511210363,37.6876242978,48.0703927237,35.440360343,22.1493169642,32.7817827849,56.2002657804,48.8216327981,43.6600615759,40.7360370705,38.6389937253,29.7049955843,30.0695070511,26.9633044139,59.6779049824
18:45:00,30.1269698678,45.8367534819,42.511609093,84.3108847602,130.939604932,75.6970545793,37.5374105066,50.3442652252,52.5310200429,45.9926821582,73.5733073145,67.2834248731,65.6705478328,66.180876455,45.736489792,40.7803262928,35.1704846533,27.9158897394,33.8109784938,88.6853773494,36.2884199665,46.307238741,49.9876380786,47.0780528171,60.2931709206,41.4947591566,65.9720202442,58.8345057055,60.0080974305,45.5271693298,41.2094402075,48.0737233716,28.3038165014,78.9779102935,33.0051501589,48.0147780125,24.4380356004,49.4673638667,39.8910181999,62.5933142296,37.3527540536,31.2280934935,42.4315642953,48.283176982,43.7665883637,36.8535151407,49.3034817277,60.7308772084,44.7917532295,43.6775934592,35.7784510003,27.5942803033,48.885321208,41.8275711569,49.1394220191,64.1729256721,50.3002830606,47.3598900649,52.010919461,64.1499835751,60.4634962608,68.1269482292,37.0735809557,42.2767247461,35.5237346526,34.5088983662,35.0230195886,33.5473726332,45.4616867952,46.1810322875,34.984964344,33.9275474766,45.0588671448,35.3497822421,49.2197065044,38.8962133855,36.7040860887,45.4874937686,41.4000057104,27.5696242917,40.3446868571,56.051545959,52.4800072482,47.1227271328,42.5026456596,42.1787124623,27.6491141336,28.6677785927,30.1113760292,49.0194797692
19:00:00,46.1589808954,55.7394708903,50.3756723004,74.8610629062,131.578870473,69.3539803268,44.8464211252,49.174102645,46.1966231352,40.4329831127,74.0155826153,68.968515434,80.4490952712,68.5305702689,48.0746065295,42.1798377835,43.9646167672,35.3447481245,38.5477265075,81.436089349,39.2682679668,54.35606214,57.5340684981,45.2909465576,58.6433824685,38.7912750398,68.584305384,61.8185120562,58.8530023204,49.289825428,31.4097864344,43.6967314429,35.4601538936,90.8895547394,35.0147056426,50.6511831202,31.1117024062,41.677946988,55.3579282353,59.7619932963,80.1419162093,34.4359743356,40.5575827341,50.2384108137,49.6596456079,35.0306431011,55.8360449875,61.4043951731,39.3149349894,40.2542840431,29.3675780541,35.1019453668,55.3033771203,35.1140110662,49.4738161354,56.9364215105,47.4020727631,45.6171726151,48.7846824818,65.3608928723,57.9836098584,67.2747872705,34.0760131331,42.2684311379,37.3252777181,27.7409120879,34.2426027415,39.4255472951,48.8453260888,36.3787666806,28.0081343668,36.8513491659,43.6258624154,33.5112092486,58.7704141637,44.7794331452,34.0837976694,43.7573184879,40.5463147578,30.5176274667,31.3847720544,49.3194398987,55.8436069983,46.381259045,41.7354888236,44.3303714827,27.9348378435,31.9544498077,30.9123525696,43.6780267766
19:15:00,53.0288316881,63.1968013046,48.8119377533,83.0565528115,130.41074226,93.4984458414,47.4619906065,49.9325008952,42.1865695627,33.7126294128,72.0506347748,54.7390574763,70.9061634938,60.6829569365,52.3945211225,45.3224557341,40.835197864,35.1294572534,53.3420804865,84.2959764606,53.7641719087,60.3013071129,53.9936785804,46.9709152354,57.5985957181,47.2663343062,56.6854880804,48.25256848,75.5416815347,56.9038047517,26.4836936721,46.027844674,32.3258693847,73.9252439596,39.4706269034,56.8898254385,38.8470120972,34.8933624557,57.158500653,46.9204191478,96.0334716949,35.6266704579,36.8415614254,59.9515304989,47.1826743882,39.8139304418,48.3779418723,56.3961291948,41.371982955,43.3010185231,24.8781261527,29.0211622613,52.1775041084,33.9342696592,41.558696308,45.0819503482,37.460398078,32.1935315411,42.3714932563,56.0356055514,56.6007564257,56.9381878739,43.5256946329,42.0486725995,32.3548026292,24.8475373805,46.5617235875,41.2178996489,43.017908405,30.0667301922,19.1463138547,32.1768655131,34.5874274371,34.3518604752,47.7303036619,41.2887374014,27.3732959553,42.5133172329,40.3806704105,26.7505383789,32.6574397968,47.942947556,59.2032283252,45.1914511973,41.5373503687,35.5888602611,22.7260778312,27.7725938951,31.4600550074,42.0757342085
19:30:00,73.487651011,71.0892326007,58.0406647945,91.6716968174,129.021131241,92.7527242866,60.8691986953,69.8528745675,55.9441568326,38.5456525184,79.7397175721,54.7590895558,75.1087548271,52.1409852548,60.2689792134,65.2869422039,51.3087681277,43.754058474,61.9024606127,78.8549126623,64.9680904464,95.7469634184,57.3590475257,59.3695905236,62.6724476176,54.4973486007,59.5744901324,54.5792225141,69.5825841974,65.4448006416,40.2486333378,53.737008034,38.7951221664,96.5358310099,38.2253832103,77.6937716227,57.9945395961,59.4660456269,56.9340563831,45.1754987109,115.050410244,51.4701869386,50.1639992058,58.2479041684,47.0232246269,52.9954024584,59.2723517317,69.3250978579,42.957663756,51.416953544,31.7693015938,23.6993124264,60.2701866933,14.7622391462,12.2391531734,15.4279789139,21.162296944,7.94095391219,11.6284870323,33.9576797235,20.0870295197,15.204864646,49.0941960276,41.9942708246,31.3812153766,26.8877277428,44.6402997759,44.1482254734,40.9567075861,33.2785411724,20.1535486513,37.2829788646,32.1054995947,44.5798824336,32.2086853775,47.717751788,33.2811411669,43.815755476,42.9413080161,26.8492942502,37.0703709598,40.6666699005,64.4135975228,43.4965070251,47.6561258649,33.1453534453,24.8383667791,34.4207859762,34.7247786193,45.8545225023
19:45:00,89.9982507487,80.329239609,60.1627352328,92.9153091494,124.888525768,106.754630412,65.9332190721,96.8436293013,51.0469868242,50.5197897621,98.6377370378,71.8020754644,72.0622366602,75.578034656,79.32551522,63.9275019113,72.559889102,46.4080206004,64.5164822027,83.7430073264,60.4302631478,89.2839496867,45.6859687296,80.029451741,63.3926179345,65.3983865064,59.6953525351,84.7153368954,55.0673440849,82.9504589211,61.6851401282,45.215719751,51.5033775835,87.9197293499,38.4251747984,65.1278339424,50.4347388546,56.8148073023,64.7409098252,56.429947435,96.8810046426,62.3698242767,50.9897806588,66.4375949642,38.0421023639,58.227780029,57.0830351917,69.8490277994,52.3469144726,60.1910605199,40.7190491479,23.2721546891,68.5688683128,4.72911514648,2.77331428738,3.9734704539,4.59082651876,1.77611138736,1.69786649497,6.5546179866,6.20695843963,0.780653454673,59.1961415605,41.9953215113,41.6253956593,26.4450628694,45.5210130803,61.2613240584,45.4599134243,41.380516049,31.3207460531,37.7799164363,34.4677419023,57.3848168834,21.0118330697,50.4727279245,44.7829339724,44.59172636,46.4597588172,33.8894485142,40.956848451,36.8057323413,61.2971576326,49.3251179904,50.4662071951,38.3024230722,19.826459058,32.4716622212,39.0762686083,45.8989700105
20:00:00,100.146932675,80.9369711531,66.8723829324,92.27923586,125.280101784,107.614736103,54.827238465,90.2844250617,51.6310930912,49.7662532923,102.902423482,71.0505834361,69.6844281112,82.2576320247,84.5018714256,70.2289175363,68.6754410539,60.740227707,72.4471544461,89.0412432025,58.0200251166,82.0335503641,73.4397603315,72.7970729703,72.5623102601,69.9100305994,63.7472149591,86.7855492194,60.2617530004,93.0104189981,77.2874153626,51.4853977137,59.134879316,81.9170423401,54.9623697999,74.3191084407,58.1026678633,63.6980020131,61.2948115478,60.8314936605,80.7094252316,64.0270135861,48.1437983088,63.3516243436,48.8678673706,59.2097594475,47.6502355622,64.3746670773,58.2380346253,61.0427754246,54.7122976474,24.8823236117,63.3591254709,3.3437018164,2.02777547242,2.43759907633,2.20607452085,3.2061365035,1.43696400588,1.67712570317,1.85477728836,0.322743708399,61.3041951993,41.9992121118,46.4960694108,27.2258450271,39.8435475152,64.1197399596,39.7586398513,46.9535595254,41.4033268429,46.4481167975,38.9068214268,60.1573812481,20.8591667224,48.7823995509,42.0428633708,33.6107682678,49.754473896,32.453612103,39.9464455801,39.0085612818,65.5403764683,45.7409053046,53.7807275932,50.9091067254,24.861441247,58.2899990377,55.6364839843,44.5484300633
20:15:00,81.5374910778,69.6401799661,68.23648943,76.1022315071,98.5777775485,99.8973091177,60.3922528807,71.1186288008,61.3626409455,51.2183576359,90.3141368367,79.6664270616,75.2707816962,77.6629576858,77.4806379131,53.9009526451,68.1434132297,70.3193578642,61.792664505,77.4005297762,51.3040799778,62.2775530297,68.2260531747,51.2245108843,79.0585488401,73.988998392,51.4756917242,81.7611281274,62.7581618978,89.7097310689,76.6982590779,51.4102623002,65.3400952097,73.1705798415,48.4775883632,59.116351736,48.5859960668,58.7259112672,59.9024138669,64.2283913776,76.9097959267,58.444943213,40.553138093,53.4450641221,57.70805578,57.3622367178,55.9838442356,50.8184857558,55.860179009,53.4809290334,49.543484446,22.9509068659,55.2378515442,2.82365184772,1.13598967705,2.8048343501,2.559863481,3.97704792397,2.72444697709,1.62972836976,1.85513577237,2.68179026877,50.9296053059,42.0001149648,43.1480059717,28.4857477882,43.0374562922,61.6727771486,32.484866556,48.7734158151,35.9492512726,58.2688541546,37.9779862122,56.4401241175,28.3517756221,47.1482211621,37.3957786373,33.7251559818,57.046316163,28.2299108068,40.1002511469,51.8662597133,59.8581455171,52.5563102746,46.7507483421,47.7902112667,28.849809345,53.5239506212,54.7646976739,45.1525558849
20:30:00,60.3043934908,63.7969072498,55.5981069377,87.930692048,50.362453486,82.019256193,67.1968736763,67.4453568532,77.5968647875,42.1468843974,79.6290022144,74.3055855698,79.2724688197,64.7008717163,64.925690509,52.3641954411,62.6973843371,71.311812072,74.1796550801,71.0593445083,63.6488801906,57.9622416217,63.2528747879,60.8930924527,86.1352553191,64.4917014019,55.1542475589,72.7578500662,67.5313917278,87.0292553488,76.6863176847,59.0005567514,72.4206999494,77.1527283143,59.9877526373,50.1772360397,48.445714277,53.5287964415,60.9222536214,54.1539579721,58.7619883275,47.3566656431,45.7069028611,47.6567426793,54.0915300184,52.0085133683,60.5913969822,43.3502831261,58.0621561658,56.5865978755,53.8840704234,33.0757560057,31.2106852009,1.94959976823,0.95365512566,2.68365508084,2.14327072154,3.77349927705,3.0693427618,1.94569445117,2.48491071452,3.48101091343,50.5416682498,42.0000812905,33.7752805743,37.2219944538,52.0968174708,51.6723400009,34.6841747143,56.0802338775,36.4732111657,53.7422347395,45.1682700344,58.2017815999,31.499081832,42.2476517443,42.7478953388,41.6794816071,45.0114095686,32.3703493853,38.0148981501,49.8843178088,51.5615915837,52.1747211614,40.7200547933,46.6794763037,32.0836468816,46.92168079,60.4553427611,45.5767000675
20:45:00,47.2071966706,54.3633945453,47.9353933686,100.28869837,10.4372545342,73.4243928865,65.8871834017,56.1774375462,74.0625895627,47.6390388216,66.4617763611,74.9597675738,89.4328439246,59.6486573358,58.6945259082,44.0297076764,62.6368007864,56.6904126889,83.3081238227,68.2508670971,55.3800784358,64.2583697815,49.4677209528,65.1390358019,76.460862941,58.3845672269,52.2994299498,75.2802102093,71.9746444621,71.8525413642,67.0376468149,104.163901306,69.2774161238,87.6300758034,65.7339011394,56.9959162032,48.3828526382,62.4778062406,65.6887289808,55.8575970542,60.4479147669,48.0458012323,55.562814532,42.4748471738,50.4665947121,48.8495237491,70.1419872159,37.9550009214,49.0909845472,44.6315681463,50.9706719986,41.3456539259,5.90474966684,1.26566162849,0.976573272136,1.6341965732,1.84873875482,2.50966495141,2.73620894231,1.86100871457,1.46962121395,1.52572073236,43.3136273407,42.0000126617,19.0919087333,55.5743304432,53.6411461883,55.1425614064,52.5534799414,50.3800045212,44.9973856191,50.6798232378,44.1848445481,53.0098486293,34.7927511937,39.275938662,56.0476426687,56.9667774305,39.8627164339,33.7278245301,39.2845081191,58.9056286081,49.3803863013,51.4364234806,59.5249488775,57.4085287772,26.3569439358,41.9918471502,59.0558755915,52.160656354
21:00:00,39.9615224653,54.3268108956,48.2454372581,116.39341088,4.98077077203,63.3639728257,65.1405278437,49.7741306744,68.5199923414,41.3131821795,60.1371938783,68.5648259894,70.7705732569,51.7748806008,51.3877357161,33.6665966916,61.2872656164,46.3098613528,101.081517583,66.6148321588,60.3345254877,56.7142749342,35.2893395715,68.3676345311,71.3512517586,47.717009446,48.8853107945,57.2542030676,78.1672047952,60.7705851532,60.6751252529,96.8023486892,60.603966827,76.8419272112,62.0795460133,57.2941866805,54.641298525,64.656124954,76.3137019007,63.049132513,58.5296043033,54.2293139051,55.0095664135,37.8201379721,48.366254303,53.5010685276,67.3907385291,37.1147496143,52.5721209463,46.0216472866,45.1992013567,33.0918234643,1.84031615961,1.8199557967,1.16399431376,2.38004332337,1.13600287773,2.36472656518,1.29617548288,1.15471141548,1.68567922458,0.811125681196,47.0020433909,41.9999977453,22.0591002209,53.4625566379,53.3217828741,56.3841742458,55.4479507101,52.3763797796,38.8118420731,39.4708369405,37.0521810636,56.4140041401,37.7336312284,40.9518118368,57.7644964321,52.2852596683,37.6991033939,37.4517390797,39.3542210831,55.9299070637,36.4282854658,55.4344911338,59.8011845924,53.0142325905,22.6272217699,43.0262994074,62.3603248989,45.4772178119
21:15:00,34.2110260174,43.040379891,50.1713934552,116.575006288,5.79904693551,56.8453207731,54.7624187723,48.9203205704,68.1033545674,40.3972875267,55.3622257564,72.4589379937,53.9758838168,53.8615342104,48.660652456,35.7468930639,65.6063740024,43.1207328132,86.3220449857,61.2823033378,58.5482877628,48.2945966897,24.4592690191,53.593824221,67.513672415,50.6927693686,47.8916624933,43.8037210598,68.4419128008,51.8489691125,50.1451636347,85.1789385663,68.3199139153,60.7268294061,58.0491880084,48.834679894,59.6364129295,74.3688744646,78.021744529,70.8624176951,55.0899383261,49.1661552637,53.3077064936,38.8649037017,44.6575661121,53.0837108806,43.6729023551,43.7616304638,51.2211766843,42.8469612738,41.2588506969,30.1889482003,2.49015922829,2.00398435624,1.70943572645,1.30281409559,0.977410838959,0.421216222424,0.958282924652,0.995755663649,1.31328456078,0.0752243920497,46.2272038061,41.9999985918,34.7189774763,55.0631694877,40.3786060748,58.2722973354,47.1879560787,48.9729664742,35.2327917773,43.7062607608,33.9463054103,53.8654407734,51.8950575201,37.2346145705,47.8915057465,50.6653702317,45.9922727451,41.4132505722,30.8240958799,58.9005820469,32.0151818606,44.8977632171,62.9350271607,52.4481638742,18.2825622888,44.398415765,61.6039635026,44.4926139695
21:30:00,35.9841378166,56.5892161665,44.9020442284,97.2295525081,4.89042004051,65.2360332338,63.1530895199,46.5595848231,64.7470342697,38.9875061234,55.4719042028,68.3320208692,42.0332700352,60.9418048558,52.2912514899,38.0766604547,59.6790649557,46.974988291,87.0367388197,61.2360226914,76.7121768005,54.8212253153,27.825651955,50.156195141,68.1428579678,58.3454938439,53.4451495012,57.510625928,63.4595605999,55.4474241067,41.2429200672,69.5332237108,88.3051509751,46.8040571447,81.8718677416,56.4381614611,59.3705715939,79.3599271161,62.9004100064,63.9399808181,56.915755192,53.822137859,49.622118625,42.5800532698,42.5450444298,49.7073287089,36.4163448361,59.6802485856,62.0325536191,56.98116322,41.8467986517,23.5934770699,2.92389182588,2.00969142342,1.16647184854,0.983694420376,0.985281609917,0.114400375349,0.969816980007,1.0059804141,1.67584479107,-0.0552413149447,55.5889620829,41.9999997982,48.5226607296,59.9270990636,40.8336655955,59.8403070335,37.1143580054,43.3095736302,43.4580252496,52.2687102067,44.521432781,46.6753097689,51.5140533693,38.5655717965,58.7767554082,42.2849543488,45.2228928448,48.966125748,32.7519805166,56.4620117918,41.1681136103,56.2101674894,52.3008958802,54.5195728546,24.4388296986,40.2185803523,64.4188152324,53.4008962354
21:45:00,39.1990281789,60.6546354463,41.9122372939,79.0030545688,6.26275774776,51.4504989816,61.0885856966,46.4322953176,69.3518438033,37.2071139635,60.179003861,73.2846119619,58.1683881758,89.4335371244,57.4509836201,40.9930318871,51.526537463,56.5172608753,78.0121820179,52.6356988983,66.034126513,69.1700841819,41.6439408483,51.4550953511,71.296817324,54.7811360349,60.7558113408,72.9195688163,69.4618123059,63.4359898752,48.3119163106,48.3153712333,93.2404324399,45.324591122,71.2847457457,56.5785980592,73.4820209648,73.6844106057,62.8198061843,58.3001731477,59.8945099974,57.5015216049,50.0406217253,57.2874585669,48.6575424259,54.6446911077,56.3199085636,69.0389044577,59.7888867658,61.8282934997,57.0717168853,22.3723770061,3.30953462243,1.98917755221,0.99431975384,0.975728872336,0.997825772422,0.667383251935,0.995234114798,0.849667985342,0.96392187616,0.294226459854,57.415133657,42.0000000434,57.7314954474,56.973580559,36.9229504936,57.3986063439,32.6884576609,48.7963455307,60.3574152354,56.9781931778,38.968724266,37.5003546327,51.8770668747,43.0397627438,63.8532727488,40.6681549308,45.9489045995,39.3316256263,35.954764201,48.252734063,48.7623002342,56.7779995377,51.9229384426,53.5560710153,39.3862653173,40.6130196483,62.3972688918,61.4699763231
22:00:00,37.9324892548,65.0257917894,51.6563780837,60.2459924184,5.01972731288,46.0427744527,67.814057713,46.6829757086,65.348252826,45.3043258072,64.477257347,61.0970399254,65.2741941498,86.3365270459,56.3987847495,44.0665358363,52.3793409535,50.6423007445,73.6675693155,49.2808137241,60.6003028067,66.0048435071,53.9130686178,49.3289215011,53.6049797123,50.6507106648,60.5821925225,79.4689415881,68.0947260332,73.210465091,53.2664734537,34.6433111366,92.7550029916,48.4988405864,75.3063051371,71.3483417543,87.9032915496,67.7981814695,80.6459408501,50.5615377685,60.7561059181,51.2871878252,44.429848461,65.5084587853,44.1734689721,52.095280083,59.9189877679,69.2034127014,48.9472749487,60.9807602875,68.5742905444,19.6578442433,4.57619002924,1.99762906241,0.987478030769,0.995017822316,1.00043780912,0.159265326664,1.00082099481,0.131296554918,0.609629866022,1.55053876553,58.1439131353,42.0000000243,61.3802198004,55.8508585318,52.5457938717,58.8545279348,40.2279761612,45.7476901572,68.2205819839,56.9676155073,42.2650131459,32.2442211817,33.1300124421,43.0965486768,58.7865310172,46.4895714011,56.499320467,32.0697537464,43.7295309744,39.2911687066,47.9918251483,51.9058800554,42.8163437375,48.6895412936,47.026813477,43.5221566086,52.9435609599,63.9588035925
22:15:00,34.2710314051,62.9454847916,55.4664990908,39.2783003175,3.63741851388,35.0619262678,61.6887990132,41.1331964743,72.6482929632,61.4562167798,61.5703586669,62.7035137937,54.5597621101,74.3151994064,66.8837545802,46.9373819071,48.2026502268,63.0722493248,58.3002752688,48.6138599508,64.1556064584,58.2883316888,56.1925596989,61.0651167305,48.7286011215,58.7938721087,56.1247241482,67.4014479445,76.386236838,57.8067496753,64.9017494783,38.4812610905,94.0737829127,65.2913035659,60.107571576,87.0537640213,73.746704208,55.3129901871,81.0467599479,44.3408862883,57.2853461562,51.2468017952,42.2502142464,66.8898074488,43.6958086809,39.8116665636,60.5498910426,67.1505433609,36.0759493337,59.7480367605,67.2780359223,24.858304955,4.55761423335,2.19845675167,0.997247729341,1.00037291781,1.00025447843,-0.00468544532842,1.00052313785,-0.0413355530522,2.40586404903,1.19834205264,60.0621585549,42.0000000032,51.1886174849,56.4713719502,52.3720238965,58.129341036,39.1660580139,36.5145601838,65.7629933902,51.5879512507,49.6998900413,31.8070089054,26.6481357306,40.7776634216,50.7092759742,43.7422538753,55.7141069109,53.4242573844,49.8257228684,42.0683949394,44.4277694265,39.1184343593,46.766916228,43.4911564739,57.3997653369,50.7562177055,49.4892389976,61.4265641729
22:30:00,30.9762724431,67.3985961543,58.1108519705,31.9599883431,4.39464799999,44.1292765208,62.9315259118,46.7747710073,57.6814675797,70.7966039344,59.8894283568,58.0678433469,44.4922247114,72.6687085332,62.6671453197,38.5804213405,51.1682305469,61.1062405971,49.5319812795,65.2691931199,54.4419101775,68.9349420542,60.9112523496,60.6619091671,44.2791404171,65.5431680935,44.7619120954,62.2703757047,90.417019444,58.1560926384,59.34816783,53.3603273984,86.8716625705,69.678072225,58.796519351,76.5178187915,63.0916643039,61.8587725431,82.2308009212,47.6396526301,49.7059747327,40.5761505376,58.6636498851,65.993670229,50.0928564437,34.5936206489,62.3590493032,57.8229394662,48.2703916002,53.631993221,68.3635638682,30.803742882,5.32566312943,2.77878079361,1.00014959188,1.00042758314,1.00003444763,-0.0118543755438,1.00007611363,0.126604436368,2.04922105335,1.21689511639,64.0175965994,41.9999999992,55.0742741933,60.238974465,55.6135300176,50.5990355294,36.6560861151,35.9710067119,59.49429751,50.5140193904,53.9128141143,44.6466054772,22.5065579786,37.159354037,58.8889432081,41.5235384579,57.4400257248,58.9413463525,60.6974721699,56.1638049112,33.7229626597,36.8814872117,57.3970230019,54.6366764053,50.2762772857,48.9038633256,46.0302409671,54.8444082689
22:45:00,28.0995161314,51.9151596632,59.6926974706,31.368063397,3.19604728166,48.2468846269,54.872964591,39.2675479571,60.3943504084,63.8971365259,52.1620002835,40.1187004276,47.9410935073,67.544214689,58.672663373,38.5966863063,51.4213449098,61.3209152951,51.9816160608,67.7425692644,67.6450220895,67.9757510416,78.5723878385,61.4663596334,50.5820452496,59.2924252592,62.6250207601,65.6145332435,102.405380195,77.1222462384,53.7186571714,57.999005458,80.0857032045,52.7222030697,73.4054069901,72.0258197827,80.550535121,59.9355624519,71.9390017346,45.0504078341,55.3882741059,50.0030031232,56.3299437172,68.4841383086,39.2748203425,45.1242468016,53.9939830389,64.6578104386,61.8665900903,50.6541323659,64.2311260082,31.7410922145,3.37605027869,1.94115384511,1.00022706731,1.00008606457,0.999991599612,-0.00277232220016,0.999984113392,0.84330482864,1.17765701678,1.60203622552,60.2363684042,41.9999999996,49.0686007688,43.8438002241,47.7619627197,50.3461909369,38.1908632216,53.8454790055,48.2942084977,47.5411264015,50.5443441139,51.150809516,24.2990431184,35.5412333659,65.5002085654,31.5082225006,48.3827695927,59.9246566185,54.5416824819,60.4728413785,27.252540174,42.4765197822,50.6598688669,53.8902961976,51.4298523434,56.9915768007,41.6701148549,50.9178443565
23:00:00,35.9293418018,36.0392475611,69.2067766337,30.9796489501,1.99976786939,51.1240447939,61.5285821155,46.5236659006,63.9188393852,93.3634244652,42.2213247464,41.1063234098,62.8536329366,68.4017928041,63.1525619478,30.7829955702,57.424950843,59.2305081812,44.9482955311,51.837813219,65.5316485456,46.0924145481,90.5666839389,60.2064372818,65.1713590984,53.0037893114,68.2261935841,66.2689718893,100.399430995,96.0080363489,61.6444678648,57.5125166834,63.9363403489,48.7060303559,78.0012995117,70.6848927976,69.8190369035,63.4556683964,55.6042911407,44.7691966398,64.6427794072,64.4936232462,51.2723852317,60.0886005807,36.2233440219,44.1504429958,50.5117197068,52.8629710374,60.4966171437,52.5160246828,53.6453352862,23.8798583225,1.947857948,0.100320626965,1.0000276857,0.999976776909,0.999995341054,0.000573611922131,0.999990192105,1.05090956554,0.936917543655,0.180652484969,58.7686491099,42.0,58.4602661222,51.5862387257,48.1736723111,55.4630314859,42.7023309389,60.156359209,36.0994654078,61.3243848557,46.1068976467,45.2413648686,30.5537752962,37.6293738814,63.8283158111,30.1357187767,40.847773951,58.2643606259,42.5805357085,62.252897986,29.1620106989,44.370141123,58.538428612,56.6494469082,53.8712206728,55.0072082069,35.2099989766,57.9082982222
