t,2016-01-19,2016-01-20,2016-01-21,2016-01-24,2016-01-25,2016-01-26,2016-01-27,2016-01-28,2016-01-31,2016-02-01,2016-02-02,2016-02-03,2016-02-04,2016-02-07,2016-02-08,2016-02-09,2016-02-10,2016-02-11,2016-02-14,2016-02-15,2016-02-16,2016-02-17,2016-02-18,2016-02-21,2016-02-22,2016-02-23,2016-02-24,2016-02-25,2016-02-28,2016-02-29,2016-03-01,2016-03-02,2016-03-03,2016-03-06,2016-03-07,2016-03-08,2016-03-09,2016-03-10,2016-03-21,2016-03-22,2016-03-23,2016-03-24,2016-03-27,2016-03-28,2016-03-29,2016-03-30,2016-03-31,2016-04-03,2016-04-04,2016-04-05,2016-04-06,2016-04-07,2016-04-10,2016-04-11,2016-04-12,2016-04-13,2016-04-14,2016-04-17
09:00:00,1.03092304236,0.000810750201956,-0.00337901088201,0.996201080778,2.91781473032,2.66958292368,1.06582588493,-0.0992141336103,1.15322966902,1.85277376413,0.201212659903,3.68392911575,3.86960437015,0.387612268917,3.01493869887,1.03795368518,-0.097233843391,-0.0482116520778,1.85268441124,2.06719023769,1.98313574348,0.166736181631,2.18428696691,2.05687751595,2.98121982265,3.70265368681,1.73355563998,0.0836914021683,0.00497952741058,0.0791756436047,2.86925955683,0.140315528451,3.88113867258,0.86055258274,1.98155854812,2.01724148168,1.7825924017,0.986026524025,1.86466603065,4.067862954,100.0,4.82747715617,1.03267909489,2.93509484488,3.03511006683,0.944787095088,3.68617424777,0.00631512830736,-0.0806238986508,1.23522035853,1.09962236166,3.05325452909,2.87035707954,1.88608126102,2.06517093099,2.96566875612,3.69952807344,1.97400749751
09:15:00,0.812008224101,-0.0180530966119,-0.0441752681283,0.981759711215,1.07668759902,0.842937190095,1.88582012895,0.505288527517,1.57781563671,1.27437456703,1.43320539149,0.618772776965,2.24339186049,3.26188344275,1.77567981674,0.824181522665,0.154746684166,0.167127255884,0.225302681251,1.86627331568,0.922929960302,1.58882666232,2.57463061819,1.84078455416,1.94912808032,0.454725679203,0.734388129702,0.685725414363,-0.0153492236455,0.862883325584,1.22842247912,1.9598530652,2.04357286378,0.445477102963,1.96328748314,2.02032205251,6.06210604377,0.98983714099,1.4408242725,2.64640063774,100.0,3.37114977665,0.801949935209,2.14754538092,1.80315911032,1.11522520303,1.83010715124,0.00626708157399,0.338518861212,3.49725649161,1.71150242525,2.85594542952,1.22631868611,1.27800954141,1.8317450643,1.92964041857,1.66145547726,2.19814101942
09:30:00,0.283862982292,-0.0450244454453,-0.0511814165546,1.00530753387,0.057413164514,2.32046221968,2.04755552369,2.10193252475,0.470104914213,2.16823772867,0.65307152404,0.714325280706,1.92113564934,2.26003192742,0.387033945853,0.230872508362,1.37906564563,0.864582684624,0.0710768388542,0.993454016789,0.0313667423105,1.34355532671,1.12210460032,1.05591643285,1.10483811152,0.180260803501,2.39966421961,0.450845404874,-0.0854732488074,0.854834571516,0.894989833079,2.37623531743,1.39462032921,1.42487579579,2.12943093691,1.85098780648,2.51569566888,1.1333825177,2.37032220781,0.546308781516,100.0,3.64005083542,0.244429826579,2.00904746817,0.220107485519,1.83779236009,3.11229757699,-0.0569322482329,1.56390060758,3.40708903937,1.32715887223,2.126091039,0.87870949728,1.80912521158,0.9466098877,1.23692451978,2.62810214671,2.68219956625
09:45:00,1.01717465236,0.092320167801,0.451145333942,1.2872366288,-0.0850318666274,1.97695687468,2.03457193034,0.62997391901,0.519644444304,3.26287993742,1.51663054367,0.943567699847,1.77287343028,0.88710060619,0.942815930116,0.636674563831,3.00059463326,0.854998596082,0.610135959135,0.114096807345,0.247789051676,1.87529373525,0.237533062246,0.725652450849,1.14487088654,1.30546539958,2.04994621286,1.68488320839,-0.101695585725,0.634439689511,0.892141259178,0.38777634865,2.68716570524,0.738451804174,3.03152859681,1.13360340169,2.69637682242,1.65802600402,1.59825680505,0.624951467937,100.0,3.64791100424,1.01382846797,1.69319884865,-0.0967365791001,2.5123655851,2.36993153493,-0.309104959927,1.01657171485,3.63994950035,1.83534383342,1.77169177142,0.860771856551,1.83852024718,0.440605448266,1.93442931289,2.98963257487,1.70469796879
10:00:00,1.7440007468,1.01664866168,2.45016193901,1.9948637374,0.130197567032,1.48259782047,1.8548539732,1.00934352376,-0.285067972392,1.60444059499,1.14898669607,1.1362283002,1.45728640343,0.0478130881549,1.66650115488,1.11151052701,0.653548782977,0.303392105963,0.351840728636,-0.0409740142191,2.19787242746,2.19286018134,1.11069414968,1.31420757849,1.71736626045,0.453937772298,1.00915421656,2.18521661087,0.894413216024,2.23276327251,1.29315806709,1.23043704802,2.72789033621,1.07715031323,3.92681078103,0.982655431455,3.0002083609,1.47130577275,2.36650295461,0.276604964452,100.0,5.0079526006,2.31955729255,0.283122582675,0.26886028975,4.16089829592,3.31721926509,-0.306750669992,0.478576481595,2.80017897932,1.85322071741,1.43983765067,1.41865313462,1.63403450811,1.87847291608,2.69981785319,2.85518978767,0.722155395243
10:15:00,1.02465225457,2.42742727673,2.42177201488,10.423139313,1.0342651932,2.73799297566,1.17066697325,1.86023296236,0.848021021713,1.6102597289,1.50893879026,1.68635834913,2.90432146611,1.7758869205,1.35340570435,4.35855759753,-0.0338031019249,0.824794369148,1.70419224255,0.118097777087,4.02940189198,2.55213560592,2.55603538586,6.02927227761,1.02175522296,1.19462223075,0.101746209257,2.90039131435,4.87823846412,1.33647301836,3.24990897472,6.26241481823,1.45181851406,7.74739846633,3.75722183976,1.17659647221,2.85948091665,2.90049995654,1.93436749633,0.646030859146,99.9999999998,2.85428789967,3.23274305383,-0.0700467559949,1.70049725636,2.68168805944,5.96905565813,3.48468060436,1.56624205787,3.09262357762,1.64451459849,3.06070098642,4.19078213667,3.07830538239,2.41889897856,2.86646006711,2.43759106233,4.14411132592
10:30:00,-0.0205673034616,3.85763563671,2.34025978765,23.9183764352,1.65635906927,2.81777205411,1.09573651942,1.70939862057,9.56164450813,1.65327141668,3.06541867458,1.62572611193,3.47106148134,17.6269087689,2.13383411387,1.96588770494,0.0313199520925,1.0003154809,13.5567843097,0.590908548444,1.91143819287,1.28039913645,2.28106279729,24.9364612252,0.0838061592709,2.55708536105,0.0606380039451,2.9267869122,24.881033306,1.30460389976,4.98268202901,4.53753658171,1.51507116862,35.2841202745,2.19659831283,1.66732478584,1.70440151295,3.55982896057,3.89612772391,0.111941095579,99.9999999978,2.24150317061,9.62893957982,-0.0464004203394,1.89317058751,2.36404948333,7.16814295385,17.6672455458,1.1101307778,8.72033960341,2.94074337692,4.16607758169,6.62905632173,1.71362517699,0.435841162358,4.76954734918,3.39775579942,19.1585512887
10:45:00,-0.517876952103,0.565980598092,-0.0378106653325,35.5954950527,0.683015320617,1.41663501306,1.03711846807,0.481267260546,33.0183253513,4.00381244694,1.19797029472,3.12251636259,1.47137465108,41.3975960939,2.60403387532,1.93599680346,0.279729937812,1.16312184498,37.7572883135,0.196076896161,1.71902315804,1.18357384128,2.43292855182,37.8086663221,-0.288264775072,1.6246714418,0.601283321038,2.35686985426,45.1516662479,2.13146070577,2.21267552972,2.48548107859,1.05558408907,50.7482550855,1.34655834244,0.640773912139,0.370368006582,2.05851362455,2.50238596768,0.592739025855,99.999999995,-0.318694314137,25.0562701603,0.374437896608,1.53690398642,0.680416580829,4.06662681079,43.9961947935,0.278384396754,2.96014758859,1.02827896813,1.68075337532,24.2775517821,2.29923237492,0.11426720855,2.0796704229,3.02069277625,41.5123475523
11:00:00,0.612177318448,-0.765187349777,-0.358473143212,49.3856507628,0.237179379981,0.051561268721,-0.555496518583,1.00627943879,52.7641413341,4.39950544143,0.631950850648,2.08765275586,0.508514363843,50.6155786677,0.0219113418252,2.61250379789,-0.17096067291,1.64322505623,50.5855325401,1.84313593212,0.212816686745,2.2635914242,2.34815684433,65.0541672173,-0.124303017218,-0.0901288589482,0.832755841503,2.01523746832,61.128672736,0.765309227817,0.834267486471,1.16056123198,3.06058137839,58.3595395019,1.34273694247,-0.390370467474,2.64876312485,1.40748518251,3.04246731891,2.88741704628,100.000000014,-0.72962898815,36.7734622867,1.67684870521,2.3900152812,1.46272853194,2.13522334895,57.5543235285,-0.862163107948,1.88547203098,1.78605951826,0.868738489255,36.389781393,2.45811368928,1.28073323463,0.771946519895,4.61385277594,65.3668594984
11:15:00,9.62781903903,0.886676301538,6.11034520819,53.265048636,5.61164347392,6.07318010662,4.39639754093,11.3022031063,80.1619167273,8.53984855251,4.11301459509,13.2068953206,9.47198749731,68.8325253234,5.60503411333,12.9790595585,4.99956121367,1.13941825961,70.7484621412,6.48084980657,6.9632470978,2.68664517627,7.03398635158,78.9945803386,3.4284937464,2.67846070882,3.85129603592,9.15778853952,66.7339257377,2.83980819962,4.61508061177,6.76227917899,19.9614462489,74.8551592708,8.85518570237,3.67883820703,18.6272895292,4.03253862305,5.781837192,11.8675772946,100.000000127,8.29231785634,51.4765418481,10.6008335497,10.8417824358,11.7387587083,6.17838058048,83.462478996,4.97147827349,11.9682615425,10.8102334922,10.1865092923,59.443740208,6.82093208394,2.61912327257,6.02478864286,11.2777588192,89.7599709857
11:30:00,36.665498556,14.1959895582,27.6854486752,91.3533861151,29.7274060292,26.3165081251,29.5262718139,49.3240118263,98.9330624601,28.1292855183,18.0673072743,40.289476527,52.1661572907,93.444318218,30.3518563715,35.8942769766,23.8212154204,11.9182440378,71.0976968668,16.6266233486,39.4125758426,17.9830141466,38.016087307,111.40984994,24.4659580015,16.0975049846,24.4255859599,40.8880471698,74.6025708607,16.3355240767,18.9800627534,43.884524737,43.5837481291,83.3769051212,47.1265867868,31.8570511704,61.9060186327,18.2846171096,20.5612878122,33.5306514458,100.000000268,41.3270548086,78.1269118664,27.1179069224,49.3813306023,53.9089951624,29.648313028,101.298273157,33.6839296303,60.8257444253,35.8363541721,39.4031572606,76.0196093512,35.43721363,20.0059890081,35.2971445955,39.9744061672,120.060970889
11:45:00,75.5834758254,58.9704074111,61.5801894621,125.119874283,49.3890307333,66.8847608563,74.5036220584,60.0046480988,141.179822189,69.4737745517,37.7908286836,95.0756756398,87.6755120103,103.521586274,59.2104911648,64.4261733587,34.3283096334,44.8520623772,77.0002350545,29.9893633217,75.3705933944,56.8165256215,66.4802664283,104.13411689,62.7989847699,49.5494617197,68.8113473096,52.731652066,120.030496335,40.8349413185,63.2033556414,79.4983959336,46.138593958,108.514975074,80.8477653369,76.3645375871,89.8121265557,52.189277575,59.4032394848,55.1982982286,99.9999990964,90.0313118945,120.920556883,55.1912478179,72.0799605739,82.986338863,64.2134294094,146.014528013,61.465029317,96.3925335562,76.4976399189,96.4226809477,94.2601678668,70.1471635592,73.1266494013,95.800075753,104.88820189,124.039438227
12:00:00,93.5850252436,103.057689269,98.1534330218,142.499863071,114.127020982,100.716072581,113.735225893,75.0369361605,139.673814971,97.5864186833,77.9065058752,136.411006654,123.422967015,113.691776233,113.610487826,102.699996246,56.3429973349,61.6307928868,92.8461063745,78.0117430029,138.521331801,138.020865422,123.451457363,104.903022656,93.5788890579,111.441738819,109.008442183,81.3337702363,112.287881785,102.565303617,136.758473472,111.729743426,63.9996093843,101.090515937,123.443678625,100.851054918,110.612603092,80.9259058566,128.717234393,108.885661914,99.9999925939,102.791271054,122.784342775,117.604966007,119.195667122,144.893739155,85.0590081622,129.581333993,107.665319384,128.345797559,124.063767371,115.117506302,102.112101287,138.418850803,101.606533331,121.773197535,130.459491385,118.855243123
12:15:00,162.038662953,164.601520428,151.962150185,120.22995958,139.581572837,151.900969019,176.591640354,116.06721926,125.388437965,122.742575427,115.128979065,142.384227165,160.07631756,93.3664721038,142.876484042,110.57925959,116.404335673,105.423731403,103.022989952,112.242802452,138.842889165,142.264463153,135.151929477,120.111039802,103.967138172,124.687126991,128.903259582,96.0230480288,110.33994348,119.404441478,157.085374028,163.720458536,112.154480477,86.7749237841,109.861630556,115.320984751,104.453172478,117.781112041,150.880419872,134.624904486,99.9999857769,97.6799952815,127.43956659,135.230693082,120.186839276,165.690756754,125.236033631,113.8235014,86.9850487139,182.437369497,164.82801398,125.133249793,94.9204164745,136.248708702,153.804575663,149.455367832,142.246601153,151.273873435
12:30:00,156.46265266,151.1686935,176.028981566,150.048140209,140.122672544,147.369250073,165.091163543,124.372479043,102.558938631,149.353415462,117.107829717,156.974028235,164.073688756,115.039495559,180.228239232,150.92751489,127.621408447,113.092244895,123.457501169,134.1141517,111.100045581,120.007094203,133.289378503,107.122414329,135.336308842,117.78102875,142.297766676,122.790429429,110.273079841,143.577149244,144.039280369,161.314998324,105.59479946,100.334435316,100.612138782,141.268159499,85.3535280334,96.7824476492,151.097599326,133.591568795,100.000057724,124.857837033,100.764097623,172.890400562,152.555194855,142.499560823,137.205408537,104.752500605,77.4712723435,170.961106837,154.445983482,104.940464876,106.90910743,125.444662563,142.014377956,157.353469182,171.212943844,149.508385786
12:45:00,181.988628542,134.310796812,173.755065925,171.392785551,164.304577974,145.041025463,175.335690018,170.557504548,101.536184769,164.404355205,150.202848644,150.316829267,161.090030104,127.539947235,170.120672402,150.815717742,159.059942723,157.260386296,129.846355878,132.629376255,141.628689489,129.063902425,128.052205411,132.190994213,119.387596072,142.347576696,113.961334821,147.396378135,134.77425449,143.263806469,176.621675282,143.153234492,137.767353794,118.786049393,127.589415401,146.976564063,132.801638299,114.146343793,155.769377438,160.712152824,100.000429744,147.685195948,94.2401392679,143.099129147,141.934058909,145.534752985,151.067699297,120.144787979,137.320558172,201.83717208,150.293139807,121.677207069,123.098003405,145.327550672,150.483785137,199.420705798,175.855920581,149.033102446
13:00:00,159.121698178,133.892483697,148.251726364,193.220874118,169.454821551,129.143904171,142.515478916,141.502294387,137.081657879,141.346656443,129.695529485,152.80876732,146.063403553,139.301972177,144.726310234,148.039674835,153.57158109,139.629759595,113.311258253,105.650544625,125.764253517,107.179089647,106.735026134,120.346484147,94.4591064431,142.200615925,125.685668613,157.697063554,113.799632642,140.87330027,153.441237856,154.725055502,136.170936335,125.802411714,116.566284696,128.048588353,112.750191482,88.2647550916,120.320365629,144.997466607,100.000745908,150.94410134,101.708918696,109.467913912,138.40480794,110.015326626,124.869386956,150.251813841,130.016750661,183.374659354,155.285112067,133.076883135,149.415859358,130.771585683,153.316862566,186.075590078,172.54349404,150.238487821
13:15:00,138.480683726,136.670439368,125.079626736,160.561528906,119.855155966,93.4952405517,118.463889184,108.511801699,148.594991767,109.588028919,108.838879441,131.67768678,123.031570004,143.360243075,95.0109553984,112.238015446,133.408538912,109.298105815,106.510353677,84.7459627737,102.555275395,81.4578334455,106.110402492,144.708646687,85.0129858239,117.678224575,119.649124434,137.584873749,109.562834606,126.176453077,136.889894362,149.988004896,100.630802001,127.19567404,107.421416937,110.320981648,83.1354927981,76.0661982353,112.481400945,108.336791945,99.996352854,132.564623048,104.610270398,74.6164984655,122.708229356,95.812745288,95.9799595945,143.877148727,125.83811256,175.51094199,139.406131308,130.100829139,130.811396199,113.375473529,129.779824242,143.529576441,129.084421086,153.183981857
13:30:00,139.467425569,160.476512071,147.282167252,146.235131726,85.239118402,160.473347242,119.859490615,107.868035744,154.659241455,125.069617943,123.930610859,136.063758828,125.398254828,139.729710849,94.6773082175,112.652620495,115.107220653,99.0655700304,118.989205009,74.978490411,113.40775769,107.214414934,125.600634961,134.932402922,80.9203156508,117.11232153,121.173372539,113.981561237,136.281154273,100.211084622,114.947192503,105.649071203,119.262842358,140.753870999,114.370635439,119.144609703,84.3919326471,91.8316389982,126.779664134,122.644744562,99.9751381328,141.035817501,97.2948419053,86.4854872963,121.537031171,112.645206246,123.075035736,157.306224762,124.895400002,164.436799776,149.789307902,162.941549797,98.0747412538,107.022063309,135.970258501,157.23821852,127.852518189,135.544146291
13:45:00,146.676926823,166.438156369,167.10648077,177.446775333,146.788686377,187.504131364,128.741961155,140.734988794,127.907544292,137.852279632,132.879641682,118.33028684,136.251483354,124.822895671,137.318515031,156.14521645,131.118641662,118.751239172,125.189838343,113.95135951,104.174949013,115.184780768,153.523999098,143.586207066,111.922319121,162.052579922,129.088838841,147.960141041,122.54353947,102.250483861,116.693736369,118.535193989,123.874928956,122.308296815,137.41559415,106.660521785,85.598973446,99.1800608012,142.928326495,126.468020734,99.9614607562,129.200510656,88.0105767687,106.850500238,144.501627845,122.103453895,135.030637957,128.052986794,138.918243527,161.233592599,149.506439143,160.78325843,83.8820598526,101.83946883,150.187511255,147.361305542,150.377390964,133.153724287
14:00:00,120.02993492,120.91770611,143.97802763,169.050235223,143.294653389,167.280027617,118.556072598,129.596295686,124.380623084,117.300690679,104.288781262,80.2029859171,134.696732631,97.7552092261,129.754640005,123.051324827,102.821610754,117.518499863,119.662229683,119.482897935,96.6325210747,103.960728268,132.192420851,143.914484107,108.557062926,142.925457581,110.492223869,140.778015818,124.127395289,109.457093527,141.738205024,98.9826007917,113.646509771,110.151535727,122.851592632,103.563670137,81.9167511418,73.4140570829,122.843917994,111.905871123,100.228298408,119.543353458,112.056999486,92.6322841596,125.842122123,119.326170175,129.972431477,120.569132056,100.682273649,152.614682592,123.736243298,123.394670384,90.1621047895,107.735170806,131.028343409,131.676441542,119.663463131,116.405996107
14:15:00,82.6779290683,95.8959314597,106.257460474,131.431533565,105.66094917,107.452157066,75.3269851865,99.5857033219,91.0437577127,74.2567314606,67.9644221351,50.1047027651,97.3246461684,109.41310649,85.6205969902,72.2543026454,70.4085201189,97.0183470135,95.0579715956,89.8778384481,60.8066554512,70.2862470682,68.6778351865,103.299588375,82.1394225408,99.6316131218,91.5918397441,84.0911778106,91.374732117,86.4885177496,112.751913845,71.9755792544,79.0077432217,109.493203832,92.8179889454,63.9437891542,62.5156672215,48.0356132694,79.1597036416,86.377339045,101.434021212,82.5438902916,94.6278668671,72.2465835556,74.7823383036,88.4174980773,95.7197019427,88.7764898343,63.7806856138,92.9575058965,82.5930472075,82.711916702,100.023030332,86.2219616584,95.2144033125,94.3481751247,84.9412487743,74.1569991405
14:30:00,47.4730392733,44.1765414804,52.5251556491,94.4743403019,51.8449695625,42.8713646015,29.5191331785,59.8740017439,61.055997214,36.5553755637,30.8251442097,24.4284249171,33.7585411615,73.1309501769,51.0048997847,32.1242586538,25.8556544039,53.7167769025,67.4063598225,58.6119344567,30.398322972,31.2980441255,28.1279685654,59.9790331289,38.4136441857,52.8171293494,53.6737598958,41.7754610773,53.3536074495,43.4314253815,45.0241279621,32.672409104,43.9236900118,74.0275599469,50.9382148381,36.2539118682,37.398611754,22.4061439582,26.0697685023,48.2427565884,101.954015205,43.2481309667,60.3469408676,37.7863013233,32.124879453,30.2198788433,40.3674202274,60.9055688575,34.9839381787,40.4926727386,38.8287447253,46.7244245891,84.9519428533,51.4609257436,39.183905219,52.7766394811,38.806630672,61.2028097022
14:45:00,10.4881048586,9.60393063847,18.7868847564,63.7469897201,23.1946187113,13.8669244574,8.32709896846,23.7749477752,27.1388134975,9.46428196957,10.1453060443,8.52011225514,10.3752731224,38.1120381023,25.7900922856,8.48827514721,7.05409706769,23.8963156748,32.1569741486,20.3825548885,11.0419399546,11.2703557141,8.91219558298,19.1944478802,11.7297486718,26.8119578499,22.1056603138,16.7949215716,25.3847576128,15.4873077805,16.3249740618,6.47557752276,22.2819786294,22.5168245767,12.6558126027,19.5091797674,11.4118025937,5.53093105225,6.17116122654,22.0890653909,85.8234543027,11.2631823763,17.5593147706,18.8785048048,10.8489656018,11.400772941,14.8135377786,27.4219795107,13.2556339626,13.8757343777,9.26475763173,16.302454229,36.2056454061,15.3935308347,7.23103025817,20.8802165529,14.4430038577,40.7695127037
15:00:00,3.06557241492,4.25707859669,5.79686290688,50.0744130889,2.6081051354,2.0544648522,3.75413316478,5.86228080034,11.453706333,2.69735402257,4.94782410066,3.44147549054,5.96628594735,12.2501663122,9.80972054301,5.93084788211,3.33838753016,6.67172045005,10.6957961345,3.76772410324,4.38869299617,1.49697685322,8.12020518044,6.39713084998,2.30131495373,7.77475671621,5.5176180297,4.35900447298,9.25284443827,3.54340248979,4.18329920819,2.0634806532,8.73333744372,3.44761875508,4.03217615113,10.1856156579,5.41534005455,2.35381687241,1.36324544134,10.075641206,17.5373603743,3.71484174635,1.14067318371,7.28724810946,2.68502224989,6.42885240502,6.28180377006,9.73564360322,7.71999379726,6.83551468749,2.43506045301,5.07201991477,5.52151250979,5.35198726799,1.8109073688,4.81089347193,6.9674566453,14.0550960338
15:15:00,1.66683994726,4.17565863295,6.44045764738,56.8116444765,1.0374502403,0.380369430681,4.53249669145,2.96026245193,4.7740405155,1.32567537131,2.80255439723,5.05310278317,5.5702923085,2.3187498291,4.996407751,4.15372114307,3.5020945342,2.19459159977,2.83906585444,3.51991757606,1.67036914749,0.568145420622,3.71973046925,5.09390145784,3.04443526861,3.74460554236,1.48310693743,1.72793924573,2.89495362881,3.61386924668,2.8782098469,3.35873941011,5.10870853076,0.138317749669,4.57057336877,9.66744467177,6.15129851337,2.50933321708,1.83377250826,3.47120587815,3.35621226107,5.0970825397,0.373553007895,5.99153729899,0.873818879381,5.76505985957,3.86058958958,5.03668783804,4.94489888921,4.34349376429,4.22605139819,3.6345936493,2.58046462316,4.73319703318,3.06836290815,1.91849184026,7.06703877224,4.56242054428
15:30:00,2.09758131138,2.82855805834,5.63440745585,56.5695870618,3.35362407765,1.24637331562,1.85311882457,3.27034635914,3.33611751015,3.44678943868,1.80111194587,4.80082738757,4.56314540445,2.58954055406,5.18557167357,3.55016039348,2.95491152119,3.89932499506,1.44506203716,6.71436974959,0.231825497726,2.10433076195,2.4764527565,4.82027062352,3.86205231612,5.0130167602,2.39942063378,2.57191062417,1.71972650477,6.27884289078,4.85582034186,3.64916817632,5.90565952911,1.43110927722,3.45251062954,7.48273536256,6.20835180153,2.09384316056,4.13803937553,2.78806919227,4.1668850618,2.75546075573,3.13375930719,5.09789734046,1.80590247348,5.58181387876,3.82022892442,3.15880288581,4.29829247221,3.01600482963,6.17352414619,1.87144828786,1.84829710697,3.41418943996,3.03914954537,1.44389854088,5.75423352287,5.2433867484
15:45:00,3.49507089038,1.9280778544,3.89087433648,53.8426992587,4.05309429599,3.25051732297,1.58196192577,5.3913616319,5.63583362707,3.90148593442,2.0095677861,3.59945472653,2.61777534887,4.14679209702,4.24855256471,2.97621966596,2.08558659053,3.27440050925,0.981404867226,5.22713930586,0.714227661095,4.04454801661,3.9587486568,4.17273468842,4.21275610996,4.42544737797,5.83278334127,3.28171088539,2.18626809838,5.97976579488,3.78014658788,2.63518723351,4.53467276976,4.78500355781,4.15376061966,6.48510956602,6.66218861672,2.1103776063,6.49361790873,3.82648215159,7.29413126456,3.06470699681,3.56156706663,4.79748021106,3.13363122158,4.40093444104,3.82515956606,3.56880103677,5.69912888793,6.03444346206,7.55275839404,3.31792019276,1.98615909037,3.9400234663,3.0753908681,3.44308205414,3.3711364592,3.42568971668
16:00:00,4.02076995362,4.90093841922,5.37794573503,47.4295688629,4.09608776735,2.52710911257,1.05380011093,5.2186737887,6.80791007495,3.06266018153,5.48287349878,4.35551634722,3.77565821087,2.17935252737,4.20097394264,5.78634905838,1.73375262975,2.81504806511,1.46509415747,3.79058743105,1.44048627455,3.28450470451,2.97046721982,3.54508375875,4.93461350255,4.697186802,5.3552129446,4.52902606481,3.55641839409,4.36965142397,4.75700106125,3.52553510018,5.34963529264,3.34791803934,5.62498972998,4.7008354923,6.50497964132,2.62353585213,5.73768621814,4.50600383672,8.39385273943,4.84494430796,4.45965819941,4.30246448342,4.45033857825,4.9261027372,3.33753006171,4.14546572306,6.08343775599,6.42015694386,5.90379237689,2.79486284771,3.17222863277,4.71386369061,4.13771501035,3.53302545153,2.7175079145,4.0031570357
16:15:00,6.8854308667,5.89308160691,5.35496573241,37.7017910832,3.91188840392,2.7052831145,1.78378823827,4.73403202906,5.6287317917,2.28834815882,4.18030280374,3.98099653143,5.90051657083,0.408148944256,4.57293367853,5.572802009,1.88317662114,2.27249249283,3.09908104849,4.8656822528,3.5912353641,6.2744281794,4.72797092721,1.60376105654,4.7381302467,4.28905065886,6.2108939157,4.16843334399,3.22933639262,3.30385529419,5.09073035943,3.17707795974,7.35770644005,2.41773459161,5.27925815481,5.30508569141,8.10700939056,2.59414113296,3.77124332668,4.48137181242,10.1806387109,6.26922576618,3.01504395238,4.85022661954,4.01304578229,5.85165554759,3.56789329808,7.07957000903,5.39595981675,6.85005793664,3.23908038949,1.94392780885,5.72309288982,4.73864002829,6.43284142508,2.89989126314,2.88174363,7.61271912519
16:30:00,5.09210645898,10.0410650793,5.3018210593,30.7352724992,2.96890244437,2.14308263314,4.74908005669,3.73244766544,2.79558296577,2.30998402983,5.23239443309,5.83271608877,9.09949090039,0.760583173119,2.88479021708,8.06434137225,5.18009924944,3.24747797155,1.43537510618,3.00751758823,3.94224621024,6.61949874996,4.74295006244,1.56437221629,2.98767706971,4.68998655519,10.0918812806,4.76424925635,3.0399971537,0.941218682038,4.51567046732,3.19133099373,6.06969262786,3.81315469108,4.27972878862,4.4646777903,8.78876596644,4.74765816236,5.11842607587,8.34728527622,11.4305510091,7.06116136878,1.8181535783,4.65349824718,5.57538829001,6.61090228063,2.35150154469,3.10722972852,2.74705825068,5.79948966345,2.53315295767,4.45813815519,8.23305268949,5.87864548868,8.79033946183,7.39958750372,5.77716020191,14.8597360479
16:45:00,2.78954089274,3.55063042922,3.14874112219,25.5880088589,1.61665208818,2.14571982783,3.08894693245,4.66861171971,2.71842986864,0.975520369856,3.96665908146,3.45753051453,4.47455596292,1.08256759684,0.927565217761,3.26170991256,5.43899498794,4.6158237521,1.03517541153,4.11436472648,3.3569364525,5.18061493087,1.24738563691,0.604912307055,1.66632223192,4.49843550906,6.58129090814,7.19645689533,2.53001181093,2.40202992212,1.85885377553,3.39902978634,3.41933587151,5.17553389809,0.99698297784,5.29557250178,4.8006435654,5.8681403243,6.59093804045,5.88472530143,9.11326435537,4.25210345136,3.30897680614,3.42274479875,2.7605437348,8.12059686883,1.84467409027,2.16886062502,3.28749807078,3.24321598087,4.36973671233,4.59123887723,22.0654799615,2.61177279819,5.71136421935,3.88910955664,4.49963792651,40.2223766146
17:00:00,3.20541374055,2.21686845601,3.80774473461,23.9652709179,0.515635091193,2.5875805265,2.45185966489,2.67273855928,1.85140911409,3.03306945592,3.38666311261,2.07513441633,2.13277751786,1.6141828671,1.64437816927,0.522236671817,4.67334581555,2.77856936979,2.10592998372,4.00931907432,3.27626162794,6.6236877372,5.04375803766,0.259654235018,2.88036329652,5.41297298664,4.34342586178,4.70254679098,0.841019960842,3.39439052866,0.790608001449,1.71759998448,0.64345190784,6.01468086226,1.00431418262,6.26695263568,4.50537671944,5.2630593791,3.81622203651,3.40182019913,5.89294337985,4.26179066162,1.74596758193,4.33344923486,3.43780684993,5.18847043837,0.688714776672,3.13258115688,4.69746178327,1.16110411103,4.00102870774,2.01559341362,46.2532197407,0.629459796387,3.79367617802,5.22957776804,4.37345508094,59.5814491572
17:15:00,11.6719956475,6.32856566697,10.7034394881,21.6922408427,4.15982832739,11.8858522788,7.5968197289,6.18892535441,9.46435862956,13.4755398665,6.82938207564,12.3299172565,7.43566169543,11.7698336672,8.70269638269,6.58615156638,10.5066838318,7.97851683885,14.5033327266,17.3718287738,11.5718127486,13.8084788754,14.4606912827,6.01374783581,12.0728755075,14.1478193634,6.22968012345,8.55544051995,11.8145430907,5.6061027947,6.39272310711,2.07416937165,4.78549775863,14.0850652522,9.90518608472,12.892275984,8.25926430656,13.5584838441,6.51234047557,8.35944526617,13.3011091589,10.9889271337,8.29781179026,6.33364652861,17.8710350207,11.4162854271,9.07818654302,13.1779035322,11.7821511865,9.10086146731,12.9818588748,10.4911764307,49.174317447,9.50541634099,2.52139362478,5.39101691773,5.72651067722,56.5939958622
17:30:00,51.4674198532,24.0058240093,49.1829856283,44.9413916207,21.8868577588,62.5819173694,38.7642319504,36.9338836826,46.3130252015,36.9651456208,33.7651603936,64.114924334,44.4169394472,54.8220960095,39.3262054764,42.9713177944,43.8290829807,42.6727744757,67.0237777068,38.7881512236,53.3525645471,53.3578726797,37.3892290133,40.7558005949,25.8833011437,43.2874651486,21.6571890573,23.0025917492,60.8819030792,16.7810637267,35.8409090401,11.2198658866,26.4544113672,46.994348114,33.2599205398,48.0154739818,31.3648380104,38.7498884457,26.2351354041,44.2002738081,63.9398489706,35.7143103857,46.6735194965,25.0368793046,41.9460171332,38.5210998892,40.3205045617,58.1585283903,32.3721502461,54.9991543528,62.856770067,53.6220284585,36.6746210932,52.5187543258,23.4418730664,26.047674105,25.152152918,69.1025673442
17:45:00,79.1498631223,80.0830887604,77.5591485192,72.9627878117,61.4360660737,98.358635295,60.2263038663,64.7350715772,78.5095693208,83.4087020735,65.370521733,94.0240283829,72.7537247705,76.3452092342,83.7116272419,105.33408289,60.4637788884,69.5332822082,93.430331725,69.1262560847,68.0093642703,83.8099647309,57.1135020443,97.2369416396,60.2223274087,73.938207217,67.746286793,46.737048946,75.3289908987,38.6021423843,52.3836446768,25.1641237515,58.4041530908,91.4995379714,67.5769785561,95.5577182245,46.5319864491,83.2479094688,79.417044113,110.772526469,97.4001585035,49.8294665982,77.6039828632,52.7202249012,72.8381918662,64.0571176077,56.941218575,82.1491210485,76.4765310627,85.7840343973,95.3517163899,70.1004257208,52.8568042229,97.8944222348,92.8885347617,74.9636272521,61.9786232336,119.009755597
18:00:00,116.603303688,109.336565105,122.314837242,95.5925777693,111.678218372,117.079691858,78.6129235098,100.081110246,109.035899463,123.061568371,115.170385825,117.501858797,117.95373719,83.6924525861,128.793628707,119.617616444,77.9431773745,104.504235208,107.248284514,131.372600782,81.4074136938,130.124123814,103.025351058,110.650294149,132.16763007,104.331690957,75.0454168871,78.4259430863,83.6226667296,74.9415705596,70.8603184929,77.7177183229,108.844569614,104.414162208,116.765615745,129.285440489,62.8222181365,91.9642987417,110.139149852,125.921685811,133.87454374,77.5828180946,95.0848990886,81.2919676112,118.262826566,100.367543473,78.2608327081,117.639062921,100.382863275,148.392009703,153.624951279,92.3983598558,75.0773294473,148.669825293,122.776068306,99.4262132303,84.0126338751,117.19247917
18:15:00,134.21308856,115.711570624,134.341475686,113.03903173,137.123419017,123.022419913,98.2909402505,116.109905125,115.778230898,142.092082926,102.984455071,129.75276114,127.987448526,110.765012968,134.390604479,108.424259143,99.161895375,108.197006563,117.699608554,127.251081891,119.31827189,119.160071402,113.381596292,113.819564904,126.573610807,153.317489587,86.6401549658,89.365915686,80.939881766,83.6501562017,122.273872196,111.050187442,121.943976714,127.556368493,128.965302154,147.387890307,73.9771770956,87.3317134041,128.312094739,119.767969713,109.553925627,104.928121216,107.072136739,115.458142715,117.553269917,89.2244063003,94.1876653361,105.626524936,105.613405896,161.9192444,137.317564269,101.983565294,92.1246171492,148.938146379,116.133815677,127.086496391,109.274664757,104.43010065
18:30:00,146.331527868,119.787771846,141.382115323,129.584642236,135.499588651,129.667233727,107.49796836,145.148259191,156.263784257,156.052900435,96.9285736234,100.962493012,131.287958696,114.539551422,112.384662102,108.180187234,87.5827760813,86.1806172875,141.523431193,114.759588175,113.439360992,86.5362908366,136.185547413,183.065519204,106.618370605,136.428266758,85.161907784,116.594177399,86.2309199059,83.1630016638,129.024062566,100.15388572,103.424994028,148.602682415,134.659350389,145.199912321,95.5163259852,102.139823178,132.455022379,103.214737944,121.883787716,101.990951358,130.672573494,127.005109381,137.414604941,108.724300167,82.0217077537,110.719048816,119.861785185,201.541805585,159.82113211,106.340177908,112.013793239,116.094315434,138.230435795,111.333408781,95.6588570434,129.577190921
18:45:00,135.180046138,145.029129061,157.765050764,189.121584536,143.300457753,160.270348441,131.562219607,148.42392417,180.237471198,179.575846334,135.274034925,93.7892006167,126.413882352,134.342599307,120.751864325,111.068985535,105.049708936,112.054022762,178.462794232,159.385189479,142.285384237,126.270551435,125.624551158,196.513273302,109.743902382,156.021790248,96.8405324395,103.488782017,109.047247387,125.413647282,160.771924417,129.519293354,119.570474053,159.66594463,134.678051508,144.177448098,133.187356507,85.8611637462,137.966128982,99.4856531484,122.770357285,109.615671756,122.271719644,143.137799629,149.019215491,124.71975615,97.1862978948,141.258926926,114.687568443,183.243316349,161.351588866,113.116680633,151.513812134,128.151798614,132.99643081,124.690918542,108.312704325,117.18731437
19:00:00,139.664789211,147.021884099,153.997423398,199.695611517,142.023870288,161.415641928,140.832222153,135.682059875,204.806360811,196.763741706,127.006396183,101.26610003,119.044247184,124.105173765,133.621652881,117.472366526,107.578822566,127.610005494,203.026427537,169.019073906,129.977434943,127.017714151,104.030480138,221.632751415,97.2084930108,150.173160256,116.286808189,87.4860093493,186.63113139,110.705616756,156.93786691,122.09803334,122.41332901,176.832171638,113.258192676,133.777316005,117.574700512,86.5700390039,125.693386967,99.6569985295,105.281984453,108.737132064,121.529350537,121.010051666,149.393436009,135.820303655,84.8876961562,168.39796347,133.032471123,157.589343932,153.913547496,106.559777329,177.255695864,122.180907738,162.057944919,116.348905999,115.795129758,156.042126167
19:15:00,136.891441548,131.060988176,142.935866964,228.136630704,130.163092692,156.98350765,130.034308094,122.428584419,164.702810214,175.960944288,98.3708653592,98.5344011613,100.719257356,124.33229886,147.604826254,117.082187328,120.689156246,124.101120366,205.095118662,167.700534762,137.782764064,124.727125581,107.489695391,180.761144738,82.8314055433,126.7395745,109.706189896,71.1343190346,225.75236522,115.20596096,129.223055033,125.648795134,128.281730591,159.527933645,117.856045982,141.681853419,107.389224777,73.7291153856,116.823478934,99.9485258077,114.783446486,104.13346438,125.388045076,116.397707413,125.371446024,123.437910588,78.4691839876,170.698693385,110.962524245,162.712292087,155.995732306,129.74936553,180.732345124,123.733968488,167.076814214,118.58806606,113.538013254,163.05013779
19:30:00,167.317795505,162.222551519,137.46278123,224.318434453,175.972688522,166.697919791,175.572587997,127.348817162,136.595568407,147.874394762,125.548688585,148.074313623,112.536645195,104.477261011,173.095654117,174.866639813,134.111523584,146.679867325,184.285379785,169.278126291,147.194273126,135.170990819,131.783756571,189.908130321,88.3469729242,141.846628132,140.436050529,82.1220772193,226.869428278,148.025563214,169.949984677,126.949934799,139.370560381,178.858084474,123.345956759,147.800237675,115.594790954,81.1006692867,115.609217812,100.010001408,133.819676113,133.211480155,135.4968768,124.976092131,109.853064974,110.781508299,92.3970812759,172.744016913,104.219047594,180.851125249,146.951392638,140.167569479,180.879701969,116.55422917,209.135425592,140.200033641,139.021937149,164.698599046
19:45:00,212.487227962,224.972802598,181.101896324,246.74850808,196.076294416,230.447776033,203.508091489,174.842233278,160.125282255,153.601590932,171.012458399,167.022035416,138.401569467,110.670358033,184.440143599,174.972042564,140.685175729,189.487542661,159.26253647,200.595055122,161.87722301,176.85025914,177.797269427,167.471937828,107.175472665,144.224171306,164.751864091,106.794459704,192.917147763,156.215697236,169.210601405,146.291857053,145.05739406,170.6481415,156.041810523,165.223111915,131.26301293,95.1558232468,118.068627184,100.005933678,167.101141208,152.043347044,149.624468491,138.443456952,112.023652056,146.680922258,106.445868033,212.129900446,128.918118501,227.121886975,166.176454772,157.802858113,169.310257217,147.045253203,218.548023814,174.095783061,144.347351232,176.973381838
20:00:00,200.765160745,221.552454694,162.749130076,210.749992367,187.370661792,221.142776154,194.175968233,195.820136316,158.97691455,175.496082981,191.747881491,181.770628304,136.852736991,104.269277637,185.027760664,172.878316036,202.134127997,189.866769406,165.838116426,175.713264969,163.554143336,176.555971637,168.577274001,152.769493714,129.267453035,154.135772862,204.5685993,100.275870096,168.136068091,156.572004603,157.597004011,194.46561863,171.014203491,152.142777358,158.797925196,159.038742539,157.517595045,101.359006939,134.127552522,100.000816888,161.141548512,134.586431146,150.570674933,148.737131695,122.537916727,162.150894944,116.419211511,189.012141252,138.985338365,218.129368335,173.552918603,160.968005583,188.839481995,146.06831231,224.274597721,221.185952223,161.395333808,158.874367614
20:15:00,185.644736054,194.474195109,150.281437067,164.16094729,155.989597916,167.214859606,152.830452998,182.771497042,135.582605541,149.895511768,174.616080569,158.492799893,132.413159915,89.928127209,153.846535283,164.34495505,183.330638407,150.284743987,147.198282659,152.744148327,155.175333626,182.576577997,139.198116071,130.398346148,122.818735656,129.603288575,164.282583962,99.7461149649,157.595256053,133.733154534,133.595277246,179.343705734,182.339019935,104.105249689,124.050513473,132.104276787,124.852112345,83.6164175675,133.025567455,99.9998085293,171.44319268,114.364628119,134.890666007,143.359876653,121.814047882,171.39694625,103.662098633,182.24753214,109.165123564,199.259490657,177.198236309,149.947204909,179.180275252,174.032146176,189.794898017,201.423348429,128.573450866,139.66761944
20:30:00,162.96748864,160.726164202,134.084471126,117.319509162,114.360292127,155.668204299,102.966098217,169.983923062,122.605349976,108.176688348,118.999363425,135.654974752,101.078480472,79.6082377677,149.606890784,136.348294068,157.805685012,124.540968765,138.148033909,122.666447994,114.149660044,167.640811546,128.9614014,117.261106161,113.350611798,117.290845602,122.604152877,79.6262999265,115.003097535,96.6177702159,119.721465746,154.142418264,153.98783975,95.871042548,136.256536091,116.889436517,88.5841894335,82.2441829481,112.726720388,99.999897216,102.09288325,89.037522163,123.432862254,152.44313517,104.891067152,137.115646629,85.3274012177,150.571453397,94.3485068342,174.604491909,159.700674037,135.344593276,151.650715993,180.662371394,145.842698198,152.901256746,100.335930312,109.875524247
20:45:00,122.12759271,102.554551244,121.729515401,98.9543413951,95.0139546103,121.35839208,99.7729263487,164.03005156,106.882087193,82.7613060943,108.119232159,126.795578514,84.7127417438,55.9896682419,102.55389767,132.415117052,105.783861789,103.587506238,121.509542329,99.017423504,96.1326524967,128.711625633,125.187575044,116.276923299,108.197016169,97.8296853477,95.4178012252,86.876380946,98.1154178875,86.8129294981,122.538841687,108.640998783,127.526459939,95.7231431083,119.367819054,94.8211757084,75.5103274559,91.394255221,110.939385182,99.9999862686,42.7455029628,82.6184162828,138.139024153,122.519584062,108.667517352,118.034104035,81.9470047589,120.243963908,97.775285266,175.661703497,141.666134846,118.29225878,135.766130708,155.363142799,155.202791591,159.479477954,95.4024913886,123.344274562
21:00:00,92.8443360709,64.9439034805,89.9431417887,84.5990157844,76.8788742812,82.4589618056,68.77997768,121.643289096,89.1962567645,64.3041748946,85.2035546266,98.9032892978,64.3951820923,45.6700998833,86.8637185959,92.5892672759,79.4329125969,82.9667312464,98.6246409771,78.6698544558,85.2832404499,96.3438581564,95.5830680625,97.7538854942,91.1857655038,88.9425931903,72.5664954158,62.1933147241,74.6570671127,69.7280080709,91.3960197844,81.1945072092,84.6422800117,83.2341130608,104.770827456,88.4320831727,56.5851332253,72.7767570449,98.104731816,100.000006847,62.1271020614,78.7453918548,106.622289641,95.6905484504,91.1312697775,71.722960131,90.7787825727,91.8105885835,89.2001876089,137.883537735,106.693781423,106.476356753,104.534685947,140.914901291,132.232989544,126.005245378,89.1335502241,95.1648204434
